"player.givenName","player.surname","opponent","predicted_disposals","line","model_odds","sportsbet_odds","ev_sportsbet","pb_odds","ev_pb"
"Max","Heath","Western Bulldogs",11.6,13,2.38518676041528,5.2,1.18012278380023,3.6,0.509315773400158
"Max","Heath","Western Bulldogs",11.6,12,1.94711021814641,3.96,1.03378317421076,2.75,0.412349426535248
"Max","Heath","Western Bulldogs",11.6,15,4.02562057059337,8,0.987271244199951,5.75,0.428351206768715
"Max","Heath","Western Bulldogs",11.6,14,3.03609859204469,6,0.976220408560329,4.5,0.482165306420246
"Max","Heath","Western Bulldogs",11.6,11,1.64703529051936,3.02,0.833597626829057,2.25,0.366090947140854
"Max","Heath","Western Bulldogs",11.6,16,5.5717209746719,10,0.794777600216937,7.5,0.346083200162703
"Jason","Horne-Francis","Carlton",24.8,27,2.74435805613667,4.6,0.676166121878271,NA,NA
"Max","Heath","Western Bulldogs",11.6,10,1.4390802682442,2.37,0.646885203208015,1.83,0.27164553665429
"Sam","Cumming","Essendon",16.3,18,2.43210187237596,4,0.64466794974025,3.7,0.521317853509732
"Darcy","Byrne-Jones","Carlton",21.9,22,1.88330659857739,3.08,0.635421445624713,NA,NA
"Jason","Horne-Francis","Carlton",24.8,26,2.26348460097488,3.7,0.634647745518752,NA,NA
"Darcy","Byrne-Jones","Carlton",21.9,23,2.24096732337848,3.66,0.633223278991054,NA,NA
"Jason","Horne-Francis","Carlton",24.8,25,1.91752308713064,3.1,0.6166689312924,NA,NA
"Darcy","Byrne-Jones","Carlton",21.9,21,1.6277624998979,2.6,0.597284616252733,NA,NA
"Isaac","Heeney","Geelong Cats",26.9,29,2.66435225421227,4.25,0.595134424617036,3.9,0.463770413177986
"Rory","Lobb","Narrm",12.2,12,1.71436305197087,2.73,0.592428159753866,1.36,-0.206702455214191
"Isaac","Heeney","Geelong Cats",26.9,27,1.86913653884191,2.96,0.583618926969331,2.75,0.471267584177588
"Sam","Cumming","Essendon",16.3,19,2.93700507931522,4.65,0.583245474360627,4.4,0.498124749932637
"Rory","Lobb","Narrm",12.2,11,1.42339274940914,2.25,0.580730266424348,1.22,-0.142892922205465
"Jason","Horne-Francis","Carlton",24.8,28,3.42289863691047,5.4,0.577610257507967,NA,NA
"Isaac","Heeney","Geelong Cats",26.9,28,2.20148660778951,3.45,0.567122864973549,3.3,0.498987088235569
"Isaac","Heeney","Geelong Cats",26.9,30,3.31870518195641,5.2,0.566876150455325,4.4,0.325818281154506
"Sam","Cumming","Essendon",16.3,17,2.06242238133919,3.22,0.561270876971944,3.1,0.50308686913448
"Jason","Horne-Francis","Carlton",24.8,24,1.66566255616406,2.6,0.560940413998186,NA,NA
"Darcy","Byrne-Jones","Carlton",21.9,24,2.74811269405594,4.25,0.546515908606142,NA,NA
"Rory","Lobb","Narrm",12.2,10,1.24501515030553,1.91,0.534117877626858,1.11,-0.108444584206381
"Darcy","Byrne-Jones","Carlton",21.9,20,1.44359384177245,2.21,0.530901515405849,NA,NA
"Isaac","Heeney","Geelong Cats",26.9,26,1.62772979495388,2.47,0.517450874006998,2.4,0.474446193367123
"Rory","Lobb","Narrm",12.2,13,2.19393893869904,3.32,0.513259982508304,1.59,-0.275276092714397
"Sam","Cumming","Essendon",16.3,20,3.63630602378727,5.5,0.512523963610651,5.25,0.443772874355621
"Darcy","Byrne-Jones","Carlton",21.9,25,3.47950181067341,5.2,0.494466818223499,NA,NA
"Jason","Horne-Francis","Carlton",24.8,23,1.48079413432409,2.21,0.492442432592941,NA,NA
"Sam","Cumming","Essendon",16.3,22,6.03185153934678,8.5,0.40918587676654,9,0.49207916363516
"Max","Heath","Western Bulldogs",11.6,17,8.06435963321289,12,0.488028875916974,10,0.240024063264145
"Tom","Sparrow","Western Bulldogs",22.8,26,3.13500441117203,4.65,0.48325150147447,3.9,0.244017388333427
"Sam","Cumming","Essendon",16.3,16,1.78862524229184,2.65,0.48158481572386,2.55,0.425675954753148
"Harvey","Langford","Western Bulldogs",17.2,20,3.1165363267647,4.6,0.475997555521932,3.4,0.0909547149509933
"Isaac","Heeney","Geelong Cats",26.9,25,1.45101839592637,2.14,0.474826236530079,2.1,0.447259390987461
"Darcy","Byrne-Jones","Carlton",21.9,19,1.3103562680331,1.93,0.472881877305791,NA,NA
"Toby","Greene","Brisbane Lions",20.9,23,2.7411384578563,4,0.459247703645074,3.4,0.240360548098313
"Tom","Sparrow","Western Bulldogs",22.8,25,2.59912200317808,3.78,0.454337270577527,3.3,0.269659521932762
"Jack","Ross","Essendon",26.1,29,3.17541530553319,4.6,0.448629409823796,3.7,0.165201916597401
"Jack","Ross","Essendon",26.1,28,2.57643044390476,3.7,0.436095435354501,3.1,0.203215094486204
"Steely","Green","Essendon",11.2,17,6.63510817765738,9.5,0.431777711174275,6.5,-0.0203626186702329
"Tom","Sparrow","Western Bulldogs",22.8,24,2.20257516995335,3.14,0.425604012446259,2.85,0.293939947602497
"Jack","Ross","Essendon",26.1,27,2.14791907989829,3.06,0.424634674852323,2.7,0.257030595457932
"Jason","Horne-Francis","Carlton",24.8,22,1.34451892942855,1.91,0.420582453838558,NA,NA
"Isaac","Heeney","Geelong Cats",26.9,24,1.32120169954012,1.87,0.415378136927095,1.83,0.385102668757532
"Toby","Greene","Brisbane Lions",20.9,22,2.23372489621157,3.16,0.414677342478209,2.85,0.275895704450283
"Sam","Cumming","Essendon",16.3,15,1.58406889641712,2.24,0.41407990843484,2.2,0.388828481498504
"Sam","Cumming","Essendon",16.3,21,4.62069190220019,6.5,0.406715733828727,6.5,0.406715733828727
"Steely","Green","Essendon",11.2,15,3.84207244165746,5.4,0.405491458581257,4.2,0.0931600233409777
"Brayden","Maynard","Waalitj Marawar",20.3,23,3.03154364432057,4.25,0.401926047794873,3.4,0.121540838235899
"Darcy","Byrne-Jones","Carlton",21.9,18,1.21409866429775,1.7,0.400215690858451,NA,NA
"Toby","Greene","Brisbane Lions",20.9,21,1.87648574640729,2.62,0.396226965760994,2.5,0.332277639084918
"Tom","Sparrow","Western Bulldogs",22.8,27,3.86892970213649,5.4,0.395734845484019,4.5,0.163112371236683
"Harvey","Langford","Western Bulldogs",17.2,21,3.94544859379693,5.5,0.394011319434538,4.2,0.06451773484092
"Blake","Howes","Western Bulldogs",17.7,24,6.83809697218508,9.5,0.389275413706853,5.75,-0.159122775914273
"Kane","Farrell","Carlton",21.6,20,1.18322336439422,1.63,0.37759281049569,1.63,0.37759281049569
"Blake","Howes","Western Bulldogs",17.7,21,3.26734228706056,4.5,0.377266170679778,3.6,0.101812936543823
"Jack","Ross","Essendon",26.1,26,1.83712000656932,2.53,0.377155542889429,2.35,0.279176097150261
"Harvey","Langford","Western Bulldogs",17.2,23,6.92147512518526,9.5,0.372539787859994,5.75,-0.169252233663688
"Tom","Atkins","Sydney Swans",20.7,24,3.35267550727559,4.6,0.372038537585163,4,0.19307698920449
"Tom","Sparrow","Western Bulldogs",22.8,23,1.90579966126213,2.61,0.369503863943129,2.5,0.311785310290354
"Jason","Horne-Francis","Carlton",24.8,29,4.397696310169,6,0.364350691093861,NA,NA
"Harvey","Langford","Western Bulldogs",17.2,19,2.53307202556668,3.45,0.361982590774611,2.85,0.125116053248591
"Harvey","Langford","Western Bulldogs",17.2,22,5.14576557812484,7,0.360341798265683,5,-0.0283272869530837
"Toby","Greene","Brisbane Lions",20.9,20,1.6216622843746,2.2,0.356632648608733,2.15,0.32580008841308
"Brayden","Maynard","Waalitj Marawar",20.3,24,3.83486459634707,5.2,0.355980079440955,4,0.0430615995699655
"Tom","Atkins","Sydney Swans",20.7,23,2.7331311766791,3.7,0.353758660239535,3.4,0.243994444544438
"Sam","Cumming","Essendon",16.3,14,1.43037623740082,1.93,0.349295345892392,1.83,0.279383669939418
"Isaac","Heeney","Geelong Cats",26.9,23,1.22592298778377,1.65,0.345924675890844,1.65,0.345924675890844
"Brayden","Maynard","Waalitj Marawar",20.3,22,2.46714920431919,3.32,0.345682698957867,2.85,0.155179425310217
"Kane","Farrell","Carlton",21.6,19,1.07239482734175,1.44,0.342789020690702,1.44,0.342789020690702
"Jason","Horne-Francis","Carlton",24.8,21,1.24406539214881,1.67,0.342373166667304,NA,NA
"Jack","Ross","Essendon",26.1,30,4.02672957508153,5.4,0.341038651668251,4.4,0.0926981606185746
"Toby","Greene","Brisbane Lions",20.9,24,3.47426638673876,4.65,0.338412050886196,4,0.151322194310706
"Jack","Ross","Essendon",26.1,25,1.60931177589982,2.15,0.335974813704363,2.05,0.273836450276253
"Harvey","Langford","Western Bulldogs",17.2,18,2.11554618950256,2.82,0.332989094727865,2.5,0.181727920858037
"Rory","Lobb","Narrm",12.2,14,3.00546907679796,4,0.330907055700478,1.83,-0.391110022017031
"Jason","Horne-Francis","Carlton",24.8,30,5.82709064844064,7.75,0.329994755114019,NA,NA
"Tom","Sparrow","Western Bulldogs",22.8,28,4.88951181387694,6.5,0.329376070132877,5.25,0.0737268258765545
"Tom","Atkins","Sydney Swans",20.7,22,2.28339262499747,3.03,0.326972841564364,2.85,0.248142771768461
"Blake","Howes","Western Bulldogs",17.7,22,4.07444332091381,5.4,0.325334426001757,4.2,0.0308156646680334
"Kane","Farrell","Carlton",21.6,21,1.41965975508824,1.88,0.324260966940733,1.83,0.28904126037316
"Judd","McVee","Euro-Yroke",16.9,15,1.14192153522875,1.51,0.32233253635725,NA,NA
"Tim","Kelly","Collingwood",25.3,29,3.48091137661305,4.6,0.321492994882229,3.9,0.120396234791455
"Jordan","De Goey","Waalitj Marawar",23.2,21,1.24864730441999,1.65,0.321429994009753,1.63,0.305412660749029
"Willem","Drew","Carlton",20.9,25,3.94184696238306,5.2,0.319178560107345,3.9,-0.0106160799194915
"Darcy","Byrne-Jones","Carlton",21.9,17,1.14503487270601,1.51,0.318737128443504,NA,NA
"Darcy","Byrne-Jones","Carlton",21.9,26,4.55601820628472,6,0.316939425686097,NA,NA
"Steely","Green","Essendon",11.2,18,9.12662132137388,12,0.314834874533129,8.5,-0.0686586305390338
"Brayden","Maynard","Waalitj Marawar",20.3,21,2.06401877038564,2.71,0.312972555716472,2.5,0.211229294941395
"Jordan","De Goey","Waalitj Marawar",23.2,22,1.42663881176957,1.87,0.310773255692168,1.83,0.282735325089127
"Steely","Green","Essendon",11.2,14,3.05419293346073,4,0.309674957392939,3.3,0.0804818398491743
"Tom","Sparrow","Western Bulldogs",22.8,22,1.68168259326504,2.2,0.308213576575485,2.15,0.278481449835133
"Steely","Green","Essendon",11.2,16,4.97430128935556,6.5,0.306716184222549,5,0.00516629555580672
"Toby","Greene","Brisbane Lions",20.9,19,1.43831865073382,1.87,0.300129146657413,1.83,0.272318897531052
"Judd","McVee","Euro-Yroke",16.9,14,1.05404732865103,1.37,0.299751882824209,NA,NA
"Tim","Kelly","Collingwood",25.3,28,2.85264279320336,3.7,0.297042871548982,3.3,0.156822020570714
"Sam","Cumming","Essendon",16.3,23,8.09562264736392,10,0.23523543964295,10.5,0.296997211625098
"Lachie","Ash","Brisbane Lions",30.9,30,1.64352459791358,2.13,0.295995206097914,2.05,0.247319329812546
"Bailey","Dale","Narrm",26.9,25,1.14660415678519,1.47,0.282046634229493,1.48,0.290768039904524
"Jordan","De Goey","Waalitj Marawar",23.2,20,1.13967174395129,1.47,0.289845087238403,1.44,0.263521718111088
"Sam","Cumming","Essendon",16.3,13,1.31462838833109,1.69,0.285534387512688,1.59,0.209467263991227
"Blake","Howes","Western Bulldogs",17.7,20,2.68437431223479,3.45,0.285215695991298,2.9,0.0803262372100768
"Tim","Kelly","Collingwood",25.3,27,2.39078683724332,3.07,0.284096077565761,2.75,0.150248929415584
"Jack","Ross","Essendon",26.1,24,1.44116721230399,1.85,0.28368171590749,1.83,0.269804075735517
"Willem","Drew","Carlton",20.9,24,3.15536320185768,4.05,0.283528944501734,3.3,0.0458383992236351
"Willem","Drew","Carlton",20.9,23,2.59058543315904,3.32,0.281563602382916,2.85,0.100137429756419
"Tom","Atkins","Sydney Swans",20.7,21,1.95261471776937,2.5,0.280334505957195,2.5,0.280334505957195
"Isaac","Heeney","Geelong Cats",26.9,22,1.15638832614217,1.48,0.279846887539441,1.48,0.279846887539441
"Tom","Atkins","Sydney Swans",20.7,25,4.21941133024893,5.4,0.279799378953041,4.75,0.125749453708693
"Kane","Farrell","Carlton",21.6,18,1.02482759997138,1.3,0.268506039490261,1.31,0.27826377825557
"Blake","Howes","Western Bulldogs",17.7,28,26.6529254081178,34,0.275657342651193,13,-0.512248663103956
"Judd","McVee","Euro-Yroke",16.9,16,1.33300424429779,1.7,0.275314769080532,NA,NA
"Jason","Horne-Francis","Carlton",24.8,20,1.17035297248969,1.49,0.273120191108089,NA,NA
"Bailey","Dale","Narrm",26.9,24,1.05609905817916,1.34,0.268820372125246,1.33,0.259351563378043
"Christian","Petracca","North Melbourne",25.6,27,2.3229364572085,2.94,0.265639441353051,2.75,0.183846416231596
"Matthew","Jefferson","Western Bulldogs",9.9,12,2.92457130796699,3.02,0.0326299761517339,3.7,0.265142686013714
"Jordan","De Goey","Waalitj Marawar",23.2,23,1.71530673735866,2.17,0.265079855828877,2.1,0.224270828221494
"Archer","Day-Wicks","Richmond",13.1,13,1.7947516838293,2.27,0.264798924805412,NA,NA
"Tom","Sparrow","Western Bulldogs",22.8,21,1.51133267362181,1.91,0.26378528919302,1.83,0.210851873938862
"Christian","Petracca","North Melbourne",25.6,25,1.7015448572081,2.13,0.251803613038398,2.15,0.26355763757397
"Tom","Sparrow","Western Bulldogs",22.8,29,6.33288240767981,8,0.263247836450981,6.5,0.0263888671164219
"Brayden","Maynard","Waalitj Marawar",20.3,26,6.72877879997361,8.5,0.26323070689043,5.25,-0.219769269273558
"Max","Holmes","Sydney Swans",28.7,30,2.28155932594112,2.88,0.26229459267382,2.7,0.183401180631707
"Lachie","Ash","Brisbane Lions",30.9,29,1.46647030811092,1.85,0.261532531390377,1.83,0.247894341861833
"Tom","Atkins","Sydney Swans",20.7,20,1.70676408256685,2.14,0.253834681581528,2.15,0.259693722149666
"Archer","Day-Wicks","Richmond",13.1,14,2.14405376895272,2.7,0.259296776553711,NA,NA
"Darcy","Byrne-Jones","Carlton",21.9,16,1.09609991249375,1.38,0.259009314999715,NA,NA
"Christian","Petracca","North Melbourne",25.6,26,1.96357130516065,2.47,0.257912047048334,2.4,0.222262717779758
"Toby","Greene","Brisbane Lions",20.9,18,1.30591392762412,1.64,0.255825491488321,1.63,0.248168018979246
"Jaxon","Prior","Richmond",16,17,2.20235069462142,2.76,0.253206406563893,2.55,0.157853745194901
"Jack","Ross","Essendon",26.1,23,1.31667899203682,1.62,0.230368229308463,1.65,0.253152826147509
"Matthew","Jefferson","Western Bulldogs",9.9,11,2.27660939159484,2.39,0.0498067911095319,2.85,0.251861654670362
"Archer","Day-Wicks","Richmond",13.1,12,1.55029977706288,1.94,0.251370882395038,NA,NA
"Max","Holmes","Sydney Swans",28.7,29,1.93445523082506,2.42,0.250998193929694,2.4,0.240659365880688
"Max","Holmes","Sydney Swans",28.7,28,1.68086920867736,2.1,0.249353601790613,2.1,0.249353601790613
"Archer","May","Richmond",8.6,11,3.20389192791354,4,0.248481562424268,2.75,-0.141668925833316
"Blake","Howes","Western Bulldogs",17.7,23,5.21031015864342,6.5,0.24752650074336,4.75,-0.0883460186875447
"Noah","Balta","Essendon",14.7,14,1.53123778711289,1.91,0.247356887398432,1.83,0.195111572743
"Brayden","Maynard","Waalitj Marawar",20.3,20,1.77218412042862,2.21,0.247048754429362,2.15,0.213192227159787
"Noah","Balta","Essendon",14.7,13,1.31114402341387,1.63,0.243189131698832,1.59,0.212681422945487
"Jaxon","Prior","Richmond",16,16,1.81815550087011,2.26,0.243017992090574,2.2,0.210017514424452
"Matthew","Jefferson","Western Bulldogs",9.9,10,1.85046040276727,1.93,0.0429836796906218,2.3,0.242933918802295
"Tim","Kelly","Collingwood",25.3,30,4.34790339735611,5.4,0.241977915903939,4.4,0.0119820055513575
"Harvey","Langford","Western Bulldogs",17.2,17,1.81268651478967,2.25,0.241251579709066,2.15,0.186084842833107
"Tim","Kelly","Collingwood",25.3,26,2.04703276474693,2.54,0.240820393177252,2.5,0.221279914544539
"Archer","May","Richmond",8.6,10,2.43789306588532,3.02,0.238774596909272,2.3,-0.0565623930823428
"Jordan","De Goey","Waalitj Marawar",23.2,19,1.07463274813498,1.33,0.237632114141512,1.31,0.219021104906301
"Nick","Blakey","Geelong Cats",27.1,25,1.33480033378666,1.61,0.206172907848046,1.65,0.236139936614457
"Lachie","Ash","Brisbane Lions",30.9,28,1.33541649231431,1.65,0.235569584093211,1.65,0.235569584093211
"Jake","Lever","Western Bulldogs",17.1,17,1.78151170122574,1.88,0.0552835542458121,2.2,0.234906286883397
"Willem","Drew","Carlton",20.9,22,2.1789706827649,2.69,0.234527853576557,2.5,0.147330718937321
"Jack","Crisp","Waalitj Marawar",25.2,27,2.52509959550598,3.11,0.23163458801189,2.7,0.0692647548656283
"Blake","Howes","Western Bulldogs",17.7,19,2.2571755482496,2.78,0.231627731461046,2.5,0.107578895198782
"Archer","Day-Wicks","Richmond",13.1,15,2.65003125031495,3.26,0.230174172328176,NA,NA
"Steely","Green","Essendon",11.2,13,2.49581152967216,3.07,0.230060829314008,2.7,0.0818124557484764
"Bailey","Dale","Narrm",26.9,26,1.3428817475065,1.63,0.213807547110261,1.65,0.228700891246583
"Judd","McVee","Euro-Yroke",16.9,13,1.01767723291474,1.25,0.228287279671037,NA,NA
"Bailey","Dale","Narrm",26.9,23,1.01846008573102,1.25,0.227343140406716,1.25,0.227343140406716
"Wil","Dawson","Gold Coast SUNS",9.3,12,3.05586621396766,3.75,0.227147963107681,2.75,-0.100091493721034
"Christian","Petracca","North Melbourne",25.6,24,1.50883360095503,1.85,0.226112673278899,1.83,0.212857401135344
"Max","Holmes","Sydney Swans",28.7,27,1.49407186850214,1.82,0.218147559276795,1.83,0.22484067773436
"Christian","Petracca","North Melbourne",25.6,28,2.82179279773373,3.45,0.222626977703963,3.3,0.169469283021182
"Sam","Cumming","Essendon",16.3,12,1.22756049700024,1.5,0.221935703914804,1.36,0.107888371549423
"Noah","Anderson","North Melbourne",28.4,28,1.7531416299537,2.14,0.220665782750546,2.05,0.169329371326457
"Nick","Blakey","Geelong Cats",27.1,24,1.21337465723973,1.44,0.186772767510918,1.48,0.219738677719555
"Archer","Day-Wicks","Richmond",13.1,11,1.37783722099464,1.68,0.219302232804562,NA,NA
"Noah","Anderson","North Melbourne",28.4,27,1.54294610328314,1.88,0.218448263357786,1.8,0.166599401087242
"Max","Holmes","Sydney Swans",28.7,26,1.35585769210014,1.63,0.202191062894832,1.65,0.216941873482498
"Jaxon","Prior","Richmond",16,15,1.55495459970437,1.89,0.215469570853921,1.83,0.176883235271257
"Tom","Atkins","Sydney Swans",20.7,19,1.52263811058166,1.85,0.214996516337873,1.83,0.20186141886395
"Nick","Blakey","Geelong Cats",27.1,26,1.51511377469333,1.84,0.214430249881684,1.83,0.207830085480153
"Isaac","Heeney","Geelong Cats",26.9,21,1.10617392771014,1.34,0.211382736866611,1.33,0.202342567188502
"Lachie","Ash","Brisbane Lions",30.9,27,1.23844896507217,1.48,0.195043188488394,1.5,0.211192420765264
"Noah","Balta","Essendon",14.7,15,1.891102211344,2.29,0.210934018406388,2.15,0.136903117717788
"Noah","Anderson","North Melbourne",28.4,29,2.04139371216568,2.47,0.209957680030093,2.35,0.151174310959805
"Shai","Bolton","Euro-Yroke",25.3,26,2.06678096375768,2.21,0.0692957012638272,2.5,0.20961052179166
"Tom","Sparrow","Western Bulldogs",22.8,20,1.38136342247507,1.67,0.20895049979517,1.65,0.194472050695826
"Jason","Horne-Francis","Carlton",24.8,19,1.11675993645438,1.35,0.208854254107766,NA,NA
"Jack","Ross","Essendon",26.1,22,1.22461529896691,1.45,0.184045308941696,1.48,0.208542798092214
"Jamie","Elliott","Waalitj Marawar",14.8,15,1.87002556989732,2.26,0.208539624473738,2.2,0.176454501700099
"Jack","Crisp","Waalitj Marawar",25.2,28,3.1031928704734,3.75,0.208432784078912,3.1,-0.00102889849476617
"Jack","Crisp","Waalitj Marawar",25.2,26,2.11088537015179,2.55,0.208023910752025,2.35,0.113276937359709
"Tim","Kelly","Collingwood",25.3,25,1.78855468818321,2.16,0.207679035072784,2.15,0.202087928428928
"Christian","Petracca","North Melbourne",25.6,23,1.36641171971374,1.64,0.200223897628435,1.65,0.207542336028608
"Toby","Greene","Brisbane Lions",20.9,25,4.55555382045306,5.5,0.207317533009194,4.5,-0.0121947457197501
"Matthew","Jefferson","Western Bulldogs",9.9,13,3.93489110497278,3.9,-0.00886710814657232,4.75,0.207149034949688
"Noah","Balta","Essendon",14.7,12,1.176491170678,1.42,0.206978883812337,1.36,0.155979776045618
"Christian","Petracca","North Melbourne",25.6,29,3.52487713281318,4.25,0.205715785221741,3.9,0.106421544085833
"Darcy","Byrne-Jones","Carlton",21.9,15,1.06205085990616,1.28,0.205215351092598,NA,NA
"Jake","Lever","Western Bulldogs",17.1,15,1.35508458839491,1.4,0.0331458360531478,1.63,0.202876937690451
"Sam","Grlj","Essendon",16.5,14,1.08081033769363,1.3,0.20280122669265,1.27,0.175044275307435
"Noah","Anderson","North Melbourne",28.4,26,1.38875636452996,1.67,0.202514740996509,1.65,0.188113366852838
"Wil","Dawson","Gold Coast SUNS",9.3,13,3.86979545212119,4.65,0.201613898597961,3.6,-0.0697182720531918
"Finn","O'Sullivan","Gold Coast SUNS",20.9,24,3.31276321291594,3.98,0.201413969004067,NA,NA
"Kane","Farrell","Carlton",21.6,17,1.00715111085482,1.2,0.191479597318324,1.21,0.201408593962643
"Nick","Blakey","Geelong Cats",27.1,23,1.13236169183724,1.33,0.17453637789715,1.36,0.201029679654229
"Jamie","Elliott","Waalitj Marawar",14.8,14,1.56579499030724,1.88,0.200668038688195,1.83,0.168735378084786
"Oskar","Baker","Narrm",14.3,12,1.23269225872884,1.48,0.200624072650696,1.4,0.135725474129037
"Willem","Drew","Carlton",20.9,27,6.66353885556195,8,0.200563270269299,5.25,-0.212130353885773
"Brayden","Maynard","Waalitj Marawar",20.3,25,5.00047371148365,6,0.199886320014227,4.5,-0.10008525998933
"Sam","Grlj","Essendon",16.5,15,1.20181242236225,1.44,0.198190310905241,1.4,0.164907246713429
"Jaxon","Prior","Richmond",16,18,2.77213389205024,3.32,0.197633350077677,3,0.0821988103111538
"Max","Holmes","Sydney Swans",28.7,25,1.25355319854769,1.46,0.164689302130528,1.5,0.19659859807931
"Jake","Lever","Western Bulldogs",17.1,16,1.52943693693306,1.61,0.052674981963293,1.83,0.196518768318526
"Nick","Blakey","Geelong Cats",27.1,27,1.78301638084624,2.13,0.194604840920797,2.1,0.177779420626138
"Wil","Dawson","Gold Coast SUNS",9.3,11,2.4843906206679,2.96,0.191439049630707,2.3,-0.0742196573815451
"Finn","O'Sullivan","Gold Coast SUNS",20.9,22,2.20801924224183,2.63,0.191112808115626,NA,NA
"Isaac","Quaynor","Waalitj Marawar",18.8,20,2.26806079583537,2.7,0.190444279517444,2.5,0.102263221775411
"Matt","Rowell","North Melbourne",25.4,26,2.0173537319243,2.12,0.0508816408601723,2.4,0.189677329275667
"Toby","Greene","Brisbane Lions",20.9,17,1.21044871334105,1.44,0.189641480988774,1.44,0.189641480988774
"Matt","Rowell","North Melbourne",25.4,25,1.76612874489954,1.84,0.0418266535289654,2.1,0.189041289353711
"Jack","Crisp","Waalitj Marawar",25.2,25,1.8100805666499,2.15,0.187792432896632,2.05,0.132546273227021
"Wil","Dawson","Gold Coast SUNS",9.3,14,5.05167535339613,6,0.187724780446615,4.4,-0.129001827672482
"Brayden","Maynard","Waalitj Marawar",20.3,19,1.55880252438504,1.85,0.186808444982368,1.83,0.173978083414991
"Willem","Drew","Carlton",20.9,26,5.05578470663284,6,0.186759395060555,4.5,-0.109930453704583
"Jamie","Elliott","Waalitj Marawar",14.8,16,2.33420339411645,2.77,0.186700356525063,2.55,0.0924497866927473
"Jake","Lever","Western Bulldogs",17.1,18,2.14909125550423,2.27,0.0562604050368267,2.55,0.186548032089827
"Kyle","Langford","Richmond",16.7,15,1.3745956486818,1.61,0.17125352575061,1.63,0.185803258989748
"Jack","Crisp","Waalitj Marawar",25.2,29,3.9232958591752,4.65,0.185227973344221,3.7,-0.0569153760486844
"Oskar","Baker","Narrm",14.3,13,1.40072864322948,1.66,0.185097490526609,1.59,0.135123499962234
"Isaac","Quaynor","Waalitj Marawar",18.8,21,2.78683429370427,3.3,0.184139296496754,2.75,-0.0132172529193717
"Noah","Anderson","North Melbourne",28.4,25,1.27546612848826,1.51,0.183880909318795,1.48,0.160360096550872
"Isaac","Quaynor","Waalitj Marawar",18.8,19,1.90255131617121,2.25,0.182622503201658,2.15,0.130061503059362
"Shai","Bolton","Euro-Yroke",25.3,25,1.77784095414795,1.91,0.0743368216058398,2.1,0.181208023755112
"Jamie","Elliott","Waalitj Marawar",14.8,13,1.36389566338449,1.61,0.180442201865209,1.59,0.165778323581169
"Noah","Anderson","North Melbourne",28.4,30,2.4406259049186,2.88,0.180025170672786,2.6,0.0653005013018209
"Jaxon","Prior","Richmond",16,14,1.37294569679578,1.62,0.179944701222203,1.59,0.158093873421791
"Kyle","Langford","Richmond",16.7,16,1.59499340173596,1.88,0.178688261627816,1.83,0.147340169563247
"Dan","Houston","Waalitj Marawar",23.6,21,1.07755867522007,1.25,0.160029638056329,1.27,0.17859011226523
"Willem","Drew","Carlton",20.9,21,1.87524352224651,2.21,0.178513603050583,2.15,0.14651775862387
"Archer","Day-Wicks","Richmond",13.1,10,1.25592525426156,1.48,0.178414077571985,NA,NA
"Tom","Atkins","Sydney Swans",20.7,18,1.38412175152972,1.61,0.163192470763964,1.63,0.177642066674075
"Archer","Day-Wicks","Richmond",13.1,16,3.3967082229467,4,0.177610715273604,NA,NA
"Finn","O'Sullivan","Gold Coast SUNS",20.9,23,2.66683261584446,3.14,0.177426727625991,NA,NA
"Oskar","Baker","Narrm",14.3,11,1.13002296156357,1.33,0.176967234506214,1.24,0.0973228351787261
"Jordan","De Goey","Waalitj Marawar",23.2,18,1.03748278587762,1.22,0.175923125286346,1.22,0.175923125286346
"Jack","Darling","Gold Coast SUNS",11.7,14,2.76411927743323,3.18,0.15045686557816,3.25,0.175781387776421
"Isaac","Quaynor","Waalitj Marawar",18.8,18,1.64158225459981,1.93,0.175694970259348,1.83,0.114778132422076
"Harvey","Langford","Western Bulldogs",17.2,16,1.59073240620506,1.87,0.175559127798982,1.83,0.150413478006491
"Wil","Dawson","Gold Coast SUNS",9.3,15,6.80555193471558,8,0.175510829502521,5.75,-0.155101591295063
"Archer","May","Richmond",8.6,12,4.42806196805801,5.2,0.174328642532645,3.6,-0.1870032474774
"Bailey","Dale","Narrm",26.9,22,1.00506855017696,1.17,0.164099702248167,1.18,0.174049272352852
"Christian","Petracca","North Melbourne",25.6,22,1.26107676478638,1.47,0.165670513522636,1.48,0.173600244907144
"Rory","Lobb","Narrm",12.2,15,4.43474190547818,5.2,0.172559781568461,2.15,-0.515191628774579
"Shai","Bolton","Euro-Yroke",25.3,23,1.40885122652877,1.52,0.0788931942410194,1.65,0.171166954274791
"Jordan","De Goey","Waalitj Marawar",23.2,24,2.18829386194324,2.56,0.169861161940418,2.4,0.0967448393191419
"Jack","Darling","Gold Coast SUNS",11.7,15,3.41984420868724,3.96,0.157947484841746,4,0.169643924082572
"Jaxon","Prior","Richmond",16,19,3.63561880718011,4.25,0.168989441799159,3.7,0.0177084552133854
"Shai","Bolton","Euro-Yroke",25.3,24,1.56564223229869,1.7,0.0858163921038611,1.83,0.168849410323568
"Noah","Balta","Essendon",14.7,11,1.0956164229002,1.28,0.168292089499465,1.22,0.113528397804178
"Isaac","Heeney","Geelong Cats",26.9,20,1.07046637993217,1.25,0.1677153280416,1.24,0.158373605417267
"Ned","Long","Waalitj Marawar",18.4,22,3.64116173028264,4.25,0.167209894757985,3.4,-0.0662320841936122
"Sam","Grlj","Essendon",16.5,13,1.02820673600791,1.2,0.167080469302396,1.16,0.128177786992316
"Finn","O'Sullivan","Gold Coast SUNS",20.9,21,1.87731426691373,2.19,0.166560143177478,NA,NA
"Lachie","Ash","Brisbane Lions",30.9,26,1.16704255813405,1.36,0.165338822068721,1.36,0.165338822068721
"Judd","McVee","Euro-Yroke",16.9,12,1.00481998782606,1.17,0.164387665626862,NA,NA
"Zach","Guthrie","Sydney Swans",18.8,20,2.25913402850592,2.63,0.164162890211235,2.5,0.106618716930832
"Michael","Sellwood","Narrm",14.6,16,2.37173475720142,2.76,0.163705170495844,2.2,-0.0724089220685297
"Koltyn","Tholstrup","Western Bulldogs",17.6,17,1.66753130222108,1.94,0.163396451638423,1.63,-0.022507105066686
"Brayden","Maynard","Waalitj Marawar",20.3,18,1.40182113659098,1.59,0.134238854370993,1.63,0.162773165172778
"Tom","Sparrow","Western Bulldogs",22.8,19,1.28212152177662,1.49,0.162136330053426,1.44,0.123138466628815
"Oisin","Mullin","Sydney Swans",16.6,20,3.4431101671659,4,0.161740346894706,3.6,0.0455663122052357
"Tim","Kelly","Collingwood",25.3,24,1.59267429180947,1.85,0.161568319093148,1.83,0.1490108237516
"Matt","Rowell","North Melbourne",25.4,24,1.57562119622395,1.62,0.0281659093457274,1.83,0.161446675372025
"Matt","Rowell","North Melbourne",25.4,28,2.79913792611248,2.97,0.0610409627527072,3.25,0.161071760587979
"Michael","Sellwood","Narrm",14.6,17,2.92969272599439,3.4,0.160531263170603,2.55,-0.129601552622048
"Blake","Howes","Western Bulldogs",17.7,18,1.94026597326134,2.25,0.159634828939474,2.15,0.108095503208831
"Jason","Horne-Francis","Carlton",24.8,18,1.07833426068124,1.25,0.159195293684083,NA,NA
"Nick","Blakey","Geelong Cats",27.1,22,1.07935378231085,1.22,0.130305947868203,1.25,0.15810035642234
"Marc","Pittonet","Yartapuulti",12.6,10,1.14879942054085,1.33,0.1577303889776,1.22,0.0619782515433619
"Jack","Crisp","Waalitj Marawar",25.2,24,1.58940055562452,1.84,0.157669156141076,1.83,0.151377475944657
"Luke","Parker","Gold Coast SUNS",24.5,22,1.08034614054976,1.22,0.129267698757338,1.25,0.157036576595633
"Koltyn","Tholstrup","Western Bulldogs",17.6,16,1.46065288241092,1.69,0.157016852087763,1.42,-0.0278319941037727
"Tim","Kelly","Collingwood",25.3,23,1.44346038758825,1.63,0.129230849710688,1.67,0.156942036206656
"Kane","Farrell","Carlton",21.6,22,1.9111290308451,2.21,0.156384505876475,2.15,0.124989451418291
"Max","Holmes","Sydney Swans",28.7,24,1.17812856274512,1.34,0.137397090923348,1.36,0.154373166907278
"Kyle","Langford","Richmond",16.7,14,1.23097536935709,1.42,0.153556793538149,1.4,0.137309514755922
"Matt","Rowell","North Melbourne",25.4,23,1.43044628474294,1.45,0.0136696606266268,1.65,0.153486165540644
"Marc","Pittonet","Yartapuulti",12.6,11,1.28323124904608,1.48,0.153338496939034,1.36,0.0598245647547879
"Sam","Cumming","Essendon",16.3,11,1.16238574755957,1.34,0.152801471295846,1.24,0.0667715107513802
"Zach","Guthrie","Sydney Swans",18.8,21,2.76093294304915,3.18,0.151784583542996,2.85,0.0322597682696665
"Jack","Darling","Gold Coast SUNS",11.7,13,2.2934584865461,2.64,0.151099972154187,2.6,0.133659063485184
"Jack","Darling","Gold Coast SUNS",11.7,16,4.34871674886619,4.65,0.0692809554019269,5,0.149764468174115
"Jack","Ross","Essendon",26.1,21,1.15690568267695,1.31,0.13233085429126,1.33,0.149618348249905
"Dan","Houston","Waalitj Marawar",23.6,20,1.02689448307462,1.17,0.139357567193188,1.18,0.149095666058087
"Isaac","Quaynor","Waalitj Marawar",18.8,17,1.45358086842765,1.67,0.148886887735698,1.63,0.121368638927658
"Noah","Anderson","North Melbourne",28.4,24,1.1924752270422,1.37,0.148870826774433,1.36,0.140484908330824
"Matt","Rowell","North Melbourne",25.4,27,2.35115925126681,2.49,0.0590520393964747,2.7,0.148369681273286
"Luke","Parker","Gold Coast SUNS",24.5,21,1.02801891316877,1.15,0.118656461733015,1.18,0.147838804213007
"Jamie","Elliott","Waalitj Marawar",14.8,12,1.22955085873524,1.41,0.146760209211986,1.4,0.138627158082823
"Zach","Guthrie","Sydney Swans",18.8,19,1.90278965291933,2.18,0.145686280485792,2.15,0.129919955524978
"Shai","Bolton","Euro-Yroke",25.3,22,1.29275450256826,1.37,0.0597526423449138,1.48,0.144842270562389
"Harvey","Langford","Western Bulldogs",17.2,24,9.61059360630562,11,0.14457029925631,7.5,-0.219611159597971
"Matt","Rowell","North Melbourne",25.4,29,3.40770671772156,3.45,0.0124110687279805,3.9,0.144464686388152
"Nick","Blakey","Geelong Cats",27.1,28,2.18491751776117,2.5,0.14420795278427,2.35,0.0755554756172135
"Zach","Guthrie","Sydney Swans",18.8,22,3.47918811885166,3.98,0.143945042360526,3.4,-0.0227605165764353
"Oisin","Mullin","Sydney Swans",16.6,19,2.78069094266125,3.18,0.143600660976943,2.9,0.0429062631550733
"Nathan","Broad","Essendon",14.3,16,2.45784474414943,2.81,0.14327807185089,2.55,0.0374943356653982
"Nathan","Broad","Essendon",14.3,17,3.01842382472143,3.45,0.142980641665987,3.1,0.0270260838158141
"Finn","O'Sullivan","Gold Coast SUNS",20.9,20,1.63622879744342,1.87,0.142871952212214,NA,NA
"Jack","Crisp","Waalitj Marawar",25.2,23,1.42643502526029,1.62,0.135698416900828,1.63,0.142708900955772
"Ollie","Wines","Carlton",22.7,24,2.25832089440724,2.58,0.142441716936421,2.5,0.107017167574051
"Jack","Darling","Gold Coast SUNS",11.7,17,5.68961004909156,5.9,0.0369779209986505,6.5,0.142433302795123
"Kyle","Langford","Richmond",16.7,17,1.9345643048442,2.21,0.142376086680655,2.2,0.13720696411649
"Harvey","Langford","Western Bulldogs",17.2,15,1.42698609368367,1.59,0.114236506604996,1.63,0.142267613689398
"Wil","Dawson","Gold Coast SUNS",9.3,10,2.07642500884284,2.37,0.141384827242456,1.83,-0.118677538458356
"Oskar","Baker","Narrm",14.3,10,1.06900869917768,1.22,0.141244220873478,1.13,0.0570540734319915
"Koltyn","Tholstrup","Western Bulldogs",17.6,15,1.3144462326541,1.5,0.141164973306843,1.29,-0.0185981229561153
"Ollie","Wines","Carlton",22.7,25,2.70837791543277,3.09,0.14090429640291,2.85,0.0522903704687032
"Jordan","De Goey","Waalitj Marawar",23.2,17,1.01751274748905,1.16,0.140034857413398,1.14,0.120379084009719
"Lachie","Ash","Brisbane Lions",30.9,25,1.11494441568355,1.25,0.121132123195258,1.27,0.139070237166382
"Jacob","Farrow","Richmond",18.3,22,3.73282175264157,4.25,0.13854887311253,3.4,-0.089160901509976
"Dan","Houston","Waalitj Marawar",23.6,22,1.19465177431488,1.36,0.138407048179331,1.36,0.138407048179331
"Toby","Greene","Brisbane Lions",20.9,16,1.14211163893566,1.3,0.138242493712327,1.29,0.129486782222233
"Kane","Farrell","Carlton",21.6,16,1.00169269590217,1.14,0.138073587502071,1.13,0.128090485857316
"Jack","Darling","Gold Coast SUNS",11.7,12,1.95084286900482,2.22,0.137969661868508,2.2,0.127717682932756
"Michael","Sellwood","Narrm",14.6,18,3.7362315318232,4.25,0.137509804679074,3,-0.197051902579477
"Michael","Sellwood","Narrm",14.6,15,1.97885943195407,2.25,0.137018609643325,1.83,-0.0752248641567621
"Koltyn","Tholstrup","Western Bulldogs",17.6,18,1.96179307974022,2.23,0.136715193375691,1.83,-0.0671799085751054
"Ned","Long","Waalitj Marawar",18.4,21,2.92143087603337,3.32,0.136429421362107,2.85,-0.0244506473246972
"Oskar","Baker","Narrm",14.3,14,1.67322464825773,1.9,0.135531921537494,1.83,0.0936965349545342
"Oliver","Hayes-Brown","Essendon",11.2,10,1.41795574698578,1.61,0.13543740939903,NA,NA
"Ollie","Wines","Carlton",22.7,23,1.92892928620391,2.19,0.135344885716297,2.15,0.114607992826502
"Jake","Lever","Western Bulldogs",17.1,14,1.23433914104664,1.25,0.0126876467192615,1.4,0.134210164325573
"Jack","Crisp","Waalitj Marawar",25.2,22,1.30577115040866,1.44,0.102796611450121,1.48,0.133429850657069
"Darcy","Byrne-Jones","Carlton",21.9,27,6.17806821998172,7,0.133040256395988,NA,NA
"Luke","Parker","Gold Coast SUNS",24.5,23,1.20079178870778,1.33,0.107602510699431,1.36,0.132586025978366
"Isaac","Quaynor","Waalitj Marawar",18.8,22,3.53588752643884,4,0.131257702653396,3.4,-0.0384309527446137
"Max","Holmes","Sydney Swans",28.7,23,1.12299001236536,1.25,0.113099837252437,1.27,0.130909434648476
"Jaxon","Prior","Richmond",16,13,1.24681032609477,1.41,0.130885725350355,1.4,0.122865259213118
"Noah","Anderson","North Melbourne",28.4,23,1.13215302299262,1.28,0.130589217186007,1.25,0.10409103240821
"Darcy","Gardiner","GWS GIANTS",12.4,13,2.0433146350242,2.31,0.130516054847636,2.2,0.0766819569977485
"Tom","Sparrow","Western Bulldogs",22.8,30,8.41201541869618,9.5,0.129336969459865,8.5,0.0104593937272478
"Bailey","Dale","Narrm",26.9,21,1.00113929347537,1.13,0.128714063431974,1.13,0.128714063431974
"Oliver","Hayes-Brown","Essendon",11.2,11,1.70119918496281,1.92,0.12861563594152,NA,NA
"Nick","Blakey","Geelong Cats",27.1,21,1.0456783894832,1.17,0.118890867179767,1.18,0.128454036984722
"Willem","Drew","Carlton",20.9,20,1.64893982973103,1.86,0.127997496611749,1.83,0.109803988601882
"Sam","Wicks","Geelong Cats",19.3,23,3.52936508741737,3.98,0.127681580516904,3.4,-0.0366539261915899
"Lawson","Humphries","Sydney Swans",20,18,1.27738381995068,1.39,0.0881615833005191,1.44,0.127304086296941
"Darcy","Byrne-Jones","Carlton",21.9,14,1.03891005480269,1.17,0.126180264202189,NA,NA
"Ned","Long","Waalitj Marawar",18.4,20,2.40703986678506,2.71,0.125864194189516,2.5,0.0386201053408821
"Kyle","Langford","Richmond",16.7,13,1.13816488336439,1.28,0.124617371971936,1.25,0.0982591523163435
"Noah","Balta","Essendon",14.7,16,2.48988807373574,2.8,0.124548540769936,2.55,0.0241424210583349
"Christian","Petracca","North Melbourne",25.6,21,1.18345182607361,1.33,0.123831127467692,1.33,0.123831127467692
"Shaun","Mannagh","Sydney Swans",18.1,16,1.32603617536624,1.49,0.123649586398708,1.42,0.0708606796551449
"Zach","Guthrie","Sydney Swans",18.8,18,1.64650906303108,1.85,0.123589320908023,1.83,0.111442409330639
"Jacob","Farrow","Richmond",18.3,23,4.80851537259684,5.4,0.123007743881608,4,-0.16814241193955
"Steely","Green","Essendon",11.2,12,2.09378463796032,2.35,0.122369491777946,2.25,0.0746090878725016
"Jamie","Elliott","Waalitj Marawar",14.8,11,1.14087072201656,1.28,0.121950081896677,1.24,0.0868891418374059
"Matt","Rowell","North Melbourne",25.4,22,1.31959018394834,1.33,0.00788867345201988,1.48,0.121560328352624
"Ollie","Wines","Carlton",22.7,22,1.68526408275534,1.89,0.121485955429561,1.83,0.0858832266857651
"Dan","Houston","Waalitj Marawar",23.6,19,1.00784782042313,1.13,0.121201015770004,1.13,0.121201015770004
"Luke","Jackson","Euro-Yroke",18,15,1.15062905530883,1.28,0.112434971196209,1.29,0.121125869408679
"Shaun","Mannagh","Sydney Swans",18.1,15,1.20450574710062,1.35,0.120791663509788,1.27,0.0543743797462453
"Sam","Grlj","Essendon",16.5,12,1.00829485957208,1.13,0.1207039183752,1.09,0.0810329832114761
"Lawson","Humphries","Sydney Swans",20,19,1.47325181391329,1.58,0.0724575290378651,1.65,0.11997147019777
"Brayden","Maynard","Waalitj Marawar",20.3,17,1.28610211911063,1.39,0.0807850942359196,1.44,0.119662255899082
"Jack","Ross","Essendon",26.1,20,1.10760547751495,1.22,0.101475231719893,1.24,0.119532202731695
"Luke","Jackson","Euro-Yroke",18,16,1.26846690355361,1.41,0.111578075903983,1.42,0.119461608357203
"Oisin","Mullin","Sydney Swans",16.6,18,2.30544456967449,2.58,0.119090015842054,2.5,0.0843895502345485
"Marcus","Bontempelli","Narrm",27.7,26,1.49240551131185,1.61,0.0787952656277611,1.67,0.118998815899603
"Isaac","Heeney","Geelong Cats",26.9,19,1.04558054570526,1.17,0.118995571221939,1.16,0.109431506510641
"Jack","Darling","Gold Coast SUNS",11.7,11,1.69862326844359,1.9,0.118552910052224,1.8,0.0596817042600015
"Sam","Grlj","Essendon",16.5,16,1.4584097221958,1.63,0.11765574186234,1.63,0.11765574186234
"Tom","Atkins","Sydney Swans",20.7,17,1.27980478670652,1.43,0.11735790868543,1.42,0.109544217016301
"Finn","O'Sullivan","Gold Coast SUNS",20.9,19,1.45912009194044,1.63,0.1171116133644,NA,NA
"Darcy","Gardiner","GWS GIANTS",12.4,14,2.53569170441026,2.83,0.116066276936529,2.6,0.0253612438286133
"Shai","Bolton","Euro-Yroke",25.3,27,2.4640627873734,2.58,0.04705124123488,2.75,0.116042989688341
"Zach","Guthrie","Sydney Swans",18.8,17,1.46060085365147,1.62,0.109132584682555,1.63,0.115979082118867
"Isaac","Quaynor","Waalitj Marawar",18.8,16,1.31758292622396,1.47,0.115679302412375,1.42,0.0777310268201173
"Noah","Balta","Essendon",14.7,10,1.04883774139012,1.17,0.115520498384515,1.11,0.0583143189801811
"Lawson","Humphries","Sydney Swans",20,16,1.08487642854886,1.17,0.078463840868034,1.21,0.115334399530189
"Judd","McVee","Euro-Yroke",16.9,17,1.73065866926783,1.93,0.11518234893568,NA,NA
"Luke","Jackson","Euro-Yroke",18,17,1.46166287617043,1.61,0.101485182560167,1.63,0.115168228306256
"Lawson","Humphries","Sydney Swans",20,17,1.15712186048802,1.28,0.10619291166114,1.29,0.114835043783493
"Koltyn","Tholstrup","Western Bulldogs",17.6,14,1.21123495813832,1.35,0.114564924773111,1.18,-0.025787695383503
"Ned","Long","Waalitj Marawar",18.4,23,4.66574547062427,5.2,0.114505716769038,4,-0.142687910177663
"Jacob","Farrow","Richmond",18.3,21,2.98098224918533,3.32,0.113726859966147,2.85,-0.0439392918965302
"Nathan","Broad","Essendon",14.3,18,3.81603267555452,4.25,0.113722119631068,3.7,-0.0304066252623643
"Tim","Kelly","Collingwood",25.3,22,1.3295282732553,1.45,0.0906123842328872,1.48,0.11317677838943
"Jason","Horne-Francis","Carlton",24.8,17,1.05128932015647,1.17,0.112919134216885,NA,NA
"Shaun","Mannagh","Sydney Swans",18.1,14,1.12455407783873,1.25,0.11155170270012,1.16,0.0315199801057112
"Ollie","Wines","Carlton",22.7,21,1.50363737357008,1.67,0.110640124643165,1.65,0.0973390453061211
"Tom","Sparrow","Western Bulldogs",22.8,18,1.20651557481965,1.34,0.110636305047537,1.31,0.0857713131434878
"Ollie","Wines","Carlton",22.7,26,3.33162591666477,3.7,0.110568861135527,3.3,-0.00949263736561134
"Christian","Petracca","North Melbourne",25.6,20,1.12671094109843,1.25,0.109423858777276,1.24,0.100548467907058
"Max","Gawn","Western Bulldogs",19.4,17,1.18089342429801,1.28,0.0839250805049616,1.31,0.109329574579297
"Max","Gawn","Western Bulldogs",19.4,16,1.09113886935219,1.17,0.0722741466396786,1.21,0.108933091823941
"Judd","McVee","Euro-Yroke",16.9,11,1.00107537996267,1.11,0.108807610513198,NA,NA
"Jack","Darling","Gold Coast SUNS",11.7,18,7.66614102288446,7,-0.0868939171476153,8.5,0.108771672035039
"Marcus","Bontempelli","Narrm",27.7,25,1.35308445383225,1.46,0.0790161662599431,1.5,0.108578253006791
"Nathan","Broad","Essendon",14.3,15,2.0573211467681,2.28,0.108237283995116,2.2,0.0693517652584454
"Marc","Pittonet","Yartapuulti",12.6,12,1.51645796905,1.68,0.107844750258691,1.59,0.0484959243519755
"Michael","Sellwood","Narrm",14.6,14,1.69832489376749,1.88,0.106973116215406,1.63,-0.0402307556217491
"Darcy","Gardiner","GWS GIANTS",12.4,12,1.70928321703895,1.89,0.105726646795325,1.83,0.0706242135637271
"Brayden","Maynard","Waalitj Marawar",20.3,30,30.7649511723144,34,0.10515371240364,12,-0.609945748563421
"Lachie","Ash","Brisbane Lions",30.9,24,1.07745458455131,1.17,0.0858926369385962,1.19,0.104454904236692
"Tom","Atkins","Sydney Swans",20.7,27,7.24452913253438,8,0.104281569394606,7,-0.0337536267797202
"Blake","Howes","Western Bulldogs",17.7,17,1.70285179415856,1.88,0.104030313412548,1.83,0.0746678050771084
"Darcy","Byrne-Jones","Carlton",21.9,13,1.02362364810388,1.13,0.103921350481861,NA,NA
"Mattaes","Phillipou","Walyalup",16.2,14,1.33203541118762,1.47,0.103574265108591,1.4,0.0510231096272295
"Jaxon","Prior","Richmond",16,12,1.15988644087014,1.28,0.103556309391593,1.25,0.0776917083902271
"Christian","Petracca","North Melbourne",25.6,30,4.53372867726142,5,0.102844999321889,4.5,-0.00743950061030019
"Koltyn","Tholstrup","Western Bulldogs",17.6,19,2.38500424889362,2.63,0.102723402367117,2.2,-0.0775697774875826
"Oisin","Mullin","Sydney Swans",16.6,17,1.95962264937812,2.16,0.102253028502944,2.15,0.0971500052228373
"Noah","Anderson","North Melbourne",28.4,22,1.08886112570717,1.2,0.102068915556749,1.18,0.0837011002974694
"Willem","Drew","Carlton",20.9,19,1.47918130056089,1.6,0.0816794394259182,1.63,0.101960928915154
"Shai","Bolton","Euro-Yroke",25.3,21,1.20697242213588,1.28,0.0605047609413394,1.33,0.101930728165611
"Jordan","De Goey","Waalitj Marawar",23.2,16,1.00755042072266,1.11,0.101681838615935,1.09,0.0818317153976303
"Matt","Rowell","North Melbourne",25.4,21,1.23502435600686,1.22,-0.0121652305347559,1.36,0.101192857764535
"Oliver","Dempsey","Sydney Swans",19.6,18,1.48031929737194,1.61,0.0876031967280865,1.63,0.101113795445205
"Luke","Parker","Gold Coast SUNS",24.5,20,1.00823065834243,1.11,0.10093855093127,1.11,0.10093855093127
"Tom","Atkins","Sydney Swans",20.7,26,5.45338527853302,6,0.100234018604683,5.75,0.0543909344961541
"Shaun","Mannagh","Sydney Swans",18.1,17,1.50880556679697,1.66,0.100208029802009,1.63,0.0803247521549847
"Jacob","Farrow","Richmond",18.3,20,2.44605320104393,2.69,0.0997307821644936,2.5,0.0220546302643992
"Sam","Wicks","Geelong Cats",19.3,22,2.87462723801858,3.16,0.0992729624930836,2.85,-0.00856710661225057
"Max","Holmes","Sydney Swans",28.7,22,1.08320218701647,1.17,0.0801307586191339,1.19,0.0985945322707431
"Jack","Darling","Gold Coast SUNS",11.7,10,1.51144851858791,1.66,0.0982841820844005,1.53,0.0122739750536945
"Koltyn","Tholstrup","Western Bulldogs",17.6,13,1.13894763178311,1.25,0.0975043672930174,1.1,-0.0341961567821446
"Darcy","Wilson","Walyalup",20.4,19,1.50346813067883,1.61,0.0708574176913679,1.65,0.0974625709259359
"Finn","O'Sullivan","Gold Coast SUNS",20.9,25,4.23823463828016,4.65,0.0971549234204113,NA,NA
"Toby","Greene","Brisbane Lions",20.9,15,1.09382341886785,1.2,0.0970692154699411,1.19,0.0879269720076916
"Mattaes","Phillipou","Walyalup",16.2,13,1.21343880594302,1.33,0.0960585680020284,1.27,0.0466123168139669
"Touk","Miller","North Melbourne",24,22,1.36858225183154,1.45,0.0594905772448113,1.5,0.0960247350808393
"Jamie","Elliott","Waalitj Marawar",14.8,17,3.05758894540233,3.35,0.0956345211272961,3.1,0.0138707508939158
"Sam","Cumming","Essendon",16.3,10,1.11402136707881,1.22,0.0951315980581984,1.11,-0.0036097755372128
"Mattaes","Phillipou","Walyalup",16.2,15,1.5068039229143,1.65,0.0950329866468294,1.59,0.0552136053142175
"Jack","Henry","Sydney Swans",11.2,10,1.26947511851944,1.39,0.0949407197685948,1.33,0.0476770915771447
"Touk","Miller","North Melbourne",24,21,1.24263356361602,1.31,0.0542126322324221,1.36,0.0944497556000718
"Jack","Crisp","Waalitj Marawar",25.2,21,1.2165683086088,1.31,0.0767993796402969,1.33,0.0932390648256449
"Ollie","Wines","Carlton",22.7,27,4.20856430449108,4.6,0.0930093179498773,3.9,-0.0733181869555387
"Shai","Bolton","Euro-Yroke",25.3,20,1.14400417553836,1.2,0.0489472203502126,1.25,0.0926533545314715
"Luke","Jackson","Euro-Yroke",18,14,1.0804304863143,1.17,0.0829016904097678,1.18,0.0921572604132701
"Oliver","Dempsey","Sydney Swans",19.6,19,1.68564748002924,1.84,0.0915686831318279,1.83,0.0856362446365463
"Finn","O'Sullivan","Gold Coast SUNS",20.9,18,1.32853068304945,1.45,0.091431322212097,NA,NA
"Isaac","Quaynor","Waalitj Marawar",18.8,15,1.21930662966872,1.33,0.0907838665335166,1.29,0.0579783367129597
"Shaun","Mannagh","Sydney Swans",18.1,13,1.0730923313239,1.17,0.0903069249936184,1.1,0.0250748867461371
"Marcus","Bontempelli","Narrm",27.7,29,2.29327405106821,2.31,0.00729348022055865,2.5,0.0901444591131587
"Ollie","Wines","Carlton",22.7,20,1.36767613019184,1.49,0.0894392079439138,1.48,0.0821275354073775
"Isaac","Heeney","Geelong Cats",26.9,18,1.02865653619496,1.12,0.0887987978406504,1.1,0.0693559621649245
"Sam","Wicks","Geelong Cats",19.3,21,2.39722382143814,2.61,0.088759412725264,2.4,0.00115808066690937
"Marcus","Bontempelli","Narrm",27.7,27,1.681437865087,1.8,0.0705123498017973,1.83,0.0883542222984939
"Darcy","Gardiner","GWS GIANTS",12.4,11,1.47957322903753,1.61,0.0881516158867713,1.56,0.0543580874430827
"Marcus","Bontempelli","Narrm",27.7,24,1.25037019709807,1.33,0.0636849815252599,1.36,0.0876778758453786
"Kyle","Langford","Richmond",16.7,18,2.46578546328244,2.68,0.0868747666442961,2.5,0.0138757151532611
"Ned","Long","Waalitj Marawar",18.4,19,2.03392359996115,2.21,0.0865698200474257,2.15,0.0570701869239661
"Nathan","Broad","Essendon",14.3,14,1.76730663900549,1.92,0.0863989064627918,1.83,0.0354739577223485
"Nathan","Broad","Essendon",14.3,19,4.9728865469834,5.4,0.0858884370237027,4.4,-0.115202014276983
"Jake","Lever","Western Bulldogs",17.1,13,1.15126980620211,1.17,0.0162691609707729,1.25,0.0857576506098002
"Oliver","Hayes-Brown","Essendon",11.2,12,2.16497180739705,2.35,0.0854644813252372,NA,NA
"Blake","Howes","Western Bulldogs",17.7,25,9.21716587873633,10,0.0849321940781866,7.5,-0.18630085444136
"Lachie","Ash","Brisbane Lions",30.9,23,1.05096373304464,1.13,0.0752036102391345,1.14,0.084718686435941
"Oliver","Dempsey","Sydney Swans",19.6,20,1.97392034146403,2.14,0.0841369608728962,2.1,0.0638727186135898
"Kyle","Langford","Richmond",16.7,12,1.07945185118682,1.17,0.0838834531745243,1.15,0.0653555308980367
"Max","Gawn","Western Bulldogs",19.4,15,1.04261923086726,1.12,0.0742176691565246,1.13,0.0838088983454219
"Harvey","Langford","Western Bulldogs",17.2,27,31.3738049120354,34,0.0837066175214602,13,-0.585641587418265
"Lawson","Humphries","Sydney Swans",20,15,1.04319160871831,1.11,0.0640423012640747,1.13,0.0832142346201839
"Marcus","Bontempelli","Narrm",27.7,28,1.93909181834227,2.02,0.0417247811023727,2.1,0.082981208076724
"Oscar","Adams","North Melbourne",12.1,14,2.54853894806896,2.76,0.0829734433100451,2.6,0.0201923741326513
"Nick","Blakey","Geelong Cats",27.1,20,1.02509980934954,1.11,0.0828213895623798,1.11,0.0828213895623798
"Tom","Atkins","Sydney Swans",20.7,16,1.20144165529965,1.3,0.0820334006779258,1.29,0.0737100668265571
"Jack","Ross","Essendon",26.1,19,1.07222855094847,1.14,0.0632061597236738,1.16,0.0818588993679488
"Ewan","Mackinlay","Carlton",15.2,17,2.5701730737321,2.78,0.0816392204915672,2.5,-0.0273028592701733
"Ewan","Mackinlay","Carlton",15.2,16,2.10817797709678,2.28,0.081502617316892,2.15,0.0198379943997008
"Touk","Miller","North Melbourne",24,20,1.1562364849647,1.22,0.0551474684153769,1.25,0.0810937176387059
"Marcus","Bontempelli","Narrm",27.7,23,1.17496217775822,1.25,0.0638640321043771,1.27,0.0808858566180472
"Steely","Green","Essendon",11.2,19,12.9558435001662,14,0.0805934789055117,10.5,-0.189554890820866
"Oliver","Dempsey","Sydney Swans",19.6,17,1.33328643427808,1.44,0.0800379895710093,1.44,0.0800379895710093
"Jamie","Elliott","Waalitj Marawar",14.8,10,1.08344425604601,1.17,0.0798894299092696,1.11,0.0245104847857175
"Bailey","Dale","Narrm",26.9,20,1.00020750855049,1.07,0.069778011915399,1.08,0.0797759372604028
"Kane","Farrell","Carlton",21.6,15,1.00032530178177,1.08,0.0796487883254738,1.08,0.0796487883254738
"Matthew","Jefferson","Western Bulldogs",9.9,14,5.55954349079102,5,-0.100645582091024,6,0.0792253014907717
"Oscar","Adams","North Melbourne",12.1,13,2.13354909336457,2.3,0.0780159721438319,2.25,0.0545808423146182
"Dan","Houston","Waalitj Marawar",23.6,18,1.00188412082964,1.08,0.0779689761982439,1.08,0.0779689761982439
"Luke","Parker","Gold Coast SUNS",24.5,19,1.00199049847518,1.06,0.0578942630824329,1.08,0.0778545321971957
"Christian","Petracca","North Melbourne",25.6,19,1.08575969363739,1.17,0.0775865109528953,1.16,0.0683763698336398
"Jack","Crisp","Waalitj Marawar",25.2,20,1.15101728657863,1.22,0.0599319525655622,1.24,0.0773078862141779
"Noah","Anderson","North Melbourne",28.4,21,1.05833124490151,1.14,0.0771674799283549,1.13,0.0677186423851237
"Shai","Bolton","Euro-Yroke",25.3,28,3.01747576029773,3.04,0.00746459673301625,3.25,0.0770591905862837
"Jake","Lever","Western Bulldogs",17.1,19,2.69330000540314,2.78,0.0321909903920555,2.9,0.0767459971715688
"Ewan","Mackinlay","Carlton",15.2,15,1.78315411886089,1.92,0.0767437204062472,1.8,0.00944723788085683
"Touk","Miller","North Melbourne",24,23,1.55108502359806,1.63,0.0508772731354696,1.67,0.0766656724762173
"Sam","Durham","Richmond",22.5,23,1.99766646792345,1.85,-0.0739194807013738,2.15,0.0762557386443493
"Michael","Sellwood","Narrm",14.6,13,1.49602169938173,1.61,0.0761875985257289,1.4,-0.0641846969341489
"Mattaes","Phillipou","Walyalup",16.2,12,1.13368419125587,1.22,0.0761374370480614,1.15,0.0143918463977627
"Sam","Wicks","Geelong Cats",19.3,20,2.04454503696093,2.2,0.0760340125694373,2.15,0.0515786941019499
"Max","Gawn","Western Bulldogs",19.4,18,1.33929921855103,1.41,0.052789384530109,1.44,0.0751891586690475
"Toby","Greene","Brisbane Lions",20.9,14,1.06033262561749,1.14,0.0751343233790584,1.11,0.0468413148690833
"Jason","Horne-Francis","Carlton",24.8,16,1.03268440285473,1.11,0.0748685628751097,NA,NA
"Touk","Miller","North Melbourne",24,19,1.09782075141103,1.14,0.0384208884143978,1.18,0.074856709060517
"Koltyn","Tholstrup","Western Bulldogs",17.6,12,1.08906416053815,1.17,0.0743168698360773,1.06,-0.0266872803194512
"Oliver","Dempsey","Sydney Swans",19.6,21,2.38291390041861,2.56,0.0743149383409457,2.4,0.0071702546946365
"Brayden","Maynard","Waalitj Marawar",20.3,16,1.20100883090336,1.25,0.0407916809902128,1.29,0.0740970147818996
"Patrick","Retschko","Essendon",18.1,16,1.39730457647292,1.5,0.0734953747781323,1.42,0.0162422881232986
"Sam","Cumming","Essendon",16.3,24,11.1794986393357,12,0.0733933951006834,12,0.0733933951006834
"Oisin","Mullin","Sydney Swans",16.6,16,1.70511677716687,1.82,0.0673755747239893,1.83,0.0732402756840113
"Nic","Newman","Yartapuulti",22.1,25,3.02188319068931,3.24,0.0721791000998072,2.75,-0.0899714428165217
"Harvey","Langford","Western Bulldogs",17.2,14,1.30585775924052,1.39,0.0644344609235347,1.4,0.0720922628006824
"Zach","Guthrie","Sydney Swans",18.8,16,1.32518445830617,1.42,0.0715489387907685,1.42,0.0715489387907685
"Patrick","Retschko","Essendon",18.1,17,1.56783580894027,1.68,0.0715407764130221,1.63,0.0396496818769202
"Nic","Newman","Yartapuulti",22.1,26,3.73310904513479,4,0.0714929437202041,3.3,-0.116018321430832
"Max","Holmes","Sydney Swans",28.7,21,1.05498791965557,1.11,0.0521447490719994,1.13,0.0711023121183415
"Darcy","Wilson","Walyalup",20.4,18,1.3447227496174,1.43,0.0634162323846008,1.44,0.0708527095341434
"Tim","Kelly","Collingwood",25.3,21,1.24259468493577,1.31,0.0542456167577375,1.33,0.0703409696853365
"Blake","Howes","Western Bulldogs",17.7,16,1.52371621642645,1.6,0.0500642985558397,1.63,0.0697530041537616
"Christian","Petracca","North Melbourne",25.6,18,1.05670864694157,1.13,0.0693581464205504,1.11,0.0504314535635497
"Brayden","Maynard","Waalitj Marawar",20.3,27,9.35304796091884,10,0.0691701830017776,6.5,-0.305039381048845
"Nick","Blakey","Geelong Cats",27.1,29,2.79870178373025,2.99,0.0683524830626195,2.7,-0.0352669885387716
"Daniel","Rioli","North Melbourne",21.3,25,3.72656556064608,3.98,0.0680075085838495,3.3,-0.114466136098818
"Matt","Rowell","North Melbourne",25.4,20,1.17078307965147,1.16,-0.00921014305628434,1.25,0.0676614837755558
"Luke","Jackson","Euro-Yroke",18,13,1.04035969231985,1.11,0.0669386830288143,1.1,0.0573266228213475
"Patrick","Retschko","Essendon",18.1,15,1.27474959914085,1.36,0.0668761935023221,1.29,0.011963448248526
"Justin","McInerney","Geelong Cats",26.4,30,3.43172317071542,3.66,0.0665195931981282,NA,NA
"Ollie","Wines","Carlton",22.7,19,1.26583354185361,1.35,0.066490936891389,1.33,0.0506910711596647
"Shaun","Mannagh","Sydney Swans",18.1,12,1.0410363088443,1.11,0.0662452313812733,1.05,0.00861035400931249
"Nick","Blakey","Geelong Cats",27.1,19,1.01310173286464,1.06,0.0462917647991318,1.08,0.0660331188519456
"Oscar","Adams","North Melbourne",12.1,15,3.1250117920342,3.33,0.0655959790258477,3.25,0.0399960756258273
"Willem","Drew","Carlton",20.9,18,1.35138890622166,1.41,0.0433710040895717,1.44,0.0655703871553072
"Lachie","Ash","Brisbane Lions",30.9,22,1.03265869790004,1.08,0.045844093693523,1.1,0.0652115769100698
"Shaun","Mannagh","Sydney Swans",18.1,18,1.78370734021486,1.9,0.0651971638862744,1.83,0.0259530578483591
"Oscar","Adams","North Melbourne",12.1,12,1.83084794835777,1.95,0.0650802551621569,1.83,-0.000463145155514266
"Kyle","Langford","Richmond",16.7,11,1.04355469845225,1.11,0.0636720831656425,1.08,0.0349241890260305
"Finn","O'Sullivan","Gold Coast SUNS",20.9,17,1.23230288969977,1.31,0.0630503352298076,NA,NA
"Jaxon","Prior","Richmond",16,11,1.10080285772016,1.17,0.0628606128650091,1.14,0.0356077766377012
"Darcy","Wilson","Walyalup",20.4,17,1.23256266438159,1.3,0.0547131091726218,1.31,0.0628262869354881
"Marcus","Bontempelli","Narrm",27.7,22,1.12009083652132,1.17,0.0445581392609896,1.19,0.0624138339492117
"Isaac","Quaynor","Waalitj Marawar",18.8,14,1.14875185033172,1.22,0.0620222284279249,1.18,0.0272018274958617
"Tom","Sparrow","Western Bulldogs",22.8,17,1.14923315359709,1.22,0.061577449433481,1.21,0.0528759949299279
"Justin","McInerney","Geelong Cats",26.4,29,2.81669992758897,2.99,0.0615259263912341,NA,NA
"Oisin","Mullin","Sydney Swans",16.6,21,4.38196608863236,4.65,0.061167500146332,4.2,-0.0415261289000873
"Max","Gawn","Western Bulldogs",19.4,14,1.01821405467967,1.06,0.0410384684126879,1.08,0.0606807036657575
"Noah","Anderson","North Melbourne",28.4,20,1.03727199437965,1.1,0.0604740183483558,1.09,0.0508333454542799
"Daniel","Rioli","North Melbourne",21.3,23,2.44288416099634,2.59,0.0602221920107966,2.4,-0.0175547255498409
"Darcy","Gardiner","GWS GIANTS",12.4,10,1.32052684019512,1.4,0.0601829189576628,1.33,0.00717377300977978
"Mattaes","Phillipou","Walyalup",16.2,16,1.76441164572727,1.87,0.0598433786857091,1.83,0.0371729320828062
"Zach","Guthrie","Sydney Swans",18.8,15,1.22661827032756,1.3,0.0598244225180517,1.27,0.0353669358445582
"Judd","McVee","Euro-Yroke",16.9,10,1.00019436415672,1.06,0.0597940140301672,NA,NA
"Ed","Langdon","Western Bulldogs",21.1,21,1.81205404532735,1.92,0.0595710458807825,1.67,-0.078393934051611
"Latrelle","Pickett","Western Bulldogs",10,10,1.84106618463831,1.95,0.0591688752260106,1.56,-0.152664899819192
"Darcy","Wilson","Walyalup",20.4,20,1.7282421056659,1.83,0.0588794208869808,1.83,0.0588794208869808
"Oliver","Dempsey","Sydney Swans",19.6,16,1.22802585624018,1.3,0.0586096321946999,1.29,0.0504664811778175
"Lawson","Humphries","Sydney Swans",20,14,1.02048539775957,1.06,0.0387213793819953,1.08,0.0583198959741084
"Sam","Grlj","Essendon",16.5,11,1.0020084174083,1.06,0.0578753447418048,1.05,0.047895388659335
"Nic","Newman","Yartapuulti",22.1,24,2.50519180559376,2.65,0.0578032364958658,2.4,-0.0419895216641215
"Tom","Sparrow","Western Bulldogs",22.8,16,1.10621374184702,1.17,0.0576617842827372,1.13,0.0215024070423017
"Justin","McInerney","Geelong Cats",26.4,28,2.36417171836595,2.5,0.0574527986181707,NA,NA
"Oscar","Adams","North Melbourne",12.1,11,1.60781410075988,1.7,0.0573361679043333,1.59,-0.0110797017835941
"Ed","Langdon","Western Bulldogs",21.1,20,1.57979819863397,1.67,0.0570970402700957,1.48,-0.0631714852696158
"Jack","Crisp","Waalitj Marawar",25.2,30,5.10895109215659,5.4,0.0569684270985169,4.4,-0.138766466808616
"Ewan","Mackinlay","Carlton",15.2,14,1.55171687221311,1.64,0.056893837637388,1.59,0.0246714645386873
"Jordan","De Goey","Waalitj Marawar",23.2,15,1.00298621975354,1.06,0.0568440314767951,1.05,0.0468738047647498
"Ned","Long","Waalitj Marawar",18.4,18,1.76000667064644,1.86,0.0568141763444773,1.83,0.0397687864034373
"Darcy","Fort","GWS GIANTS",14.4,12,1.17387208863348,1.22,0.0392955176404406,1.24,0.0563331490771692
"Shai","Bolton","Euro-Yroke",25.3,19,1.09829273819351,1.13,0.0288695906873041,1.16,0.0561847125639583
"Brodie","Grundy","Geelong Cats",21.9,18,1.06062244690919,1.12,0.0559836851123056,1.09,0.0276984078325117
"Wil","Dawson","Gold Coast SUNS",9.3,16,9.47103625730077,10,0.0558506723370928,7,-0.260904529364035
"Sam","Wicks","Geelong Cats",19.3,19,1.78119494817099,1.88,0.0554712171907237,1.8,0.0105575483740972
"Michael","Sellwood","Narrm",14.6,19,4.92675069631786,5.2,0.0554623768331453,3.6,-0.269295277577053
"Darcy","Byrne-Jones","Carlton",21.9,12,1.01385083326919,1.07,0.0553820787913734,NA,NA
"Darcy","Fort","GWS GIANTS",14.4,13,1.32706732419266,1.37,0.0323515431543419,1.4,0.0549577813256047
"Daniel","Rioli","North Melbourne",21.3,24,2.9765661881097,3.14,0.0549068294006554,2.75,-0.0761166303019738
"Sam","Durham","Richmond",22.5,21,1.56429720690519,1.47,-0.0602808766064035,1.65,0.0547867711560777
"Mattaes","Phillipou","Walyalup",16.2,11,1.08104051187657,1.14,0.0545395731942425,1.08,-0.00096250960545427
"Nathan","Broad","Essendon",14.3,13,1.55522210049557,1.64,0.0545117636107499,1.59,0.0223620147201783
"Ben","Ainsworth","Yartapuulti",17.1,16,1.54617955631718,1.62,0.0477437716604238,1.63,0.0542113258064756
"Ed","Langdon","Western Bulldogs",21.1,22,2.13451556521113,2.25,0.0541033462913396,1.83,-0.142662611683044
"Tim","Kelly","Collingwood",25.3,20,1.17651688432869,1.22,0.0369591939142674,1.24,0.0539585249620422
"Luke","Cleary","Narrm",14.1,16,2.57191411021425,2.71,0.0536899304830402,NA,NA
"Jacob","Farrow","Richmond",18.3,19,2.05958546065856,2.17,0.0536100790428635,2.15,0.0438993870701182
"Darcy","Gardiner","GWS GIANTS",12.4,15,3.27587084915407,3.45,0.0531550719989138,3.1,-0.0536867468995267
"Patrick","Retschko","Essendon",18.1,14,1.18696057207441,1.25,0.0531099595123199,1.18,-0.0058641982203701
"Daniel","Rioli","North Melbourne",21.3,20,1.56684740405808,1.6,0.0211587904833945,1.65,0.0530700026860005
"Max","Holmes","Sydney Swans",28.7,20,1.03540907311387,1.06,0.0237499627197369,1.09,0.0527240182684088
"Jack","Martin","Sydney Swans",12.6,10,1.27328481541824,1.34,0.0523961204703838,1.21,-0.0497020106200267
"Luke","Jackson","Euro-Yroke",18,18,1.7769653990752,1.87,0.052355887724781,1.83,0.0298456013563365
"Patrick","Retschko","Essendon",18.1,18,1.80569246916443,1.9,0.0522279028384101,1.83,0.0134616116812056
"Willem","Drew","Carlton",20.9,28,9.03217631669113,9.5,0.051795233718406,6.5,-0.280350629561091
"Koltyn","Tholstrup","Western Bulldogs",17.6,11,1.05537994826964,1.11,0.0517539221963786,NA,NA
"Luke","Cleary","Narrm",14.1,15,2.13931129544341,2.25,0.0517403450317633,NA,NA
"Isaac","Heeney","Geelong Cats",26.9,17,1.0174694660434,1.07,0.0516286097123589,1.07,0.0516286097123589
"Matt","Rowell","North Melbourne",25.4,19,1.12234387395475,1.11,-0.0109982993993195,1.18,0.0513711772151377
"Justin","McInerney","Geelong Cats",26.4,27,2.02710274344872,2.13,0.0507607504769175,NA,NA
"Ollie","Wines","Carlton",22.7,18,1.18979071847427,1.25,0.0506049346249222,1.22,0.025390416193924
"Mattaes","Phillipou","Walyalup",16.2,10,1.04725490967051,1.1,0.0503650924358875,NA,NA
"Toby","Greene","Brisbane Lions",20.9,26,6.18854915946138,6.5,0.0503269558847184,5.75,-0.0708646159481338
"Jack","Ross","Essendon",26.1,18,1.04731905628295,1.1,0.050300759258617,1.1,0.050300759258617
"Jake","Lever","Western Bulldogs",17.1,12,1.09496014979334,1.1,0.00460277043654493,1.15,0.050266532729115
"Finn","O'Sullivan","Gold Coast SUNS",20.9,16,1.16176246961512,1.22,0.0501286036586895,NA,NA
"Bailey","Dale","Narrm",26.9,19,1.00003046758378,1.04,0.03996831467824,1.05,0.0499680100116846
"Luke","Cleary","Narrm",14.1,18,4.04780573909777,4.25,0.0499515722677178,NA,NA
"Kane","Farrell","Carlton",21.6,14,1.00005044654913,1.05,0.0499470337953784,1.04,0.0399475382354224
"Tom","Atkins","Sydney Swans",20.7,15,1.14294341331648,1.2,0.0499207449981769,1.19,0.0411714054565254
"Christian","Moraes","Carlton",18.1,17,1.5814471942001,1.66,0.0496714693275782,1.63,0.0307015030144291
"Latrelle","Pickett","Western Bulldogs",10,11,2.21026959827217,2.32,0.0496457091992812,1.83,-0.172046703519532
"Dan","Houston","Waalitj Marawar",23.6,17,1.00036748046696,1.05,0.0496142872515929,1.05,0.0496142872515929
"Luke","Parker","Gold Coast SUNS",24.5,18,1.00039119761875,1.04,0.0395933135712676,1.05,0.0495894031248375
"Darcy","Wilson","Walyalup",20.4,21,2.04863693220551,2.12,0.0348344143721261,2.15,0.0494782975943731
"Christian","Moraes","Carlton",18.1,18,1.82045173353805,1.91,0.0491901349605743,1.83,0.00524499841772313
"Darcy","Wilson","Walyalup",20.4,16,1.15381126515716,1.2,0.0400314472892095,1.21,0.0486983760166196
"Ed","Langdon","Western Bulldogs",21.1,19,1.41129045199673,1.48,0.0486856181206738,1.33,-0.0576000864185836
"Lachie","Ash","Brisbane Lions",30.9,21,1.02033583503302,1.05,0.0290729424062842,1.07,0.0486743317854516
"Oisin","Mullin","Sydney Swans",16.6,15,1.51628158651354,1.58,0.0420228103099072,1.59,0.048617891387818
"Darcy","Fort","GWS GIANTS",14.4,11,1.08725078014979,1.14,0.048516148080341,1.14,0.048516148080341
"Ben","Ainsworth","Yartapuulti",17.1,15,1.37350277417966,1.44,0.048414336738454,1.42,0.0338530265059754
"Jack","Martin","Sydney Swans",12.6,11,1.4212222659218,1.49,0.0483933693746258,1.36,-0.0430771930540327
"Touk","Miller","North Melbourne",24,18,1.05921754943063,1.1,0.0385024309607502,1.11,0.0479433621513025
"Sam","Wicks","Geelong Cats",19.3,24,4.44103233535189,4.65,0.047053848940631,4,-0.0993085170403175
"Leonardo","Lombard","North Melbourne",13.7,12,1.42490585158511,1.49,0.0456831223918953,1.4,-0.0174789454035884
"Jaxon","Prior","Richmond",16,10,1.06151361280653,1.11,0.0456766513481408,1.07,0.00799460985811773
"Oisin","Mullin","Sydney Swans",16.6,22,5.73808008157316,6,0.045645915481024,5,-0.128628403765813
"Marcus","Bontempelli","Narrm",27.7,21,1.08070257381001,1.13,0.0456160902959542,1.13,0.0456160902959542
"Koltyn","Tholstrup","Western Bulldogs",17.6,20,3.00367680289447,3.14,0.0453854412612448,2.55,-0.151040485599945
"Bradley","Hill","Walyalup",21.6,19,1.27230746370337,1.33,0.0453448069295289,1.31,0.0296253361486337
"Daniel","Rioli","North Melbourne",21.3,22,2.05727959691619,2.15,0.0450694223686462,2.15,0.0450694223686462
"Bailey","Dale","Narrm",26.9,27,1.75117559250149,1.82,0.0393018311774164,1.83,0.0450122807992703
"Sam","Durham","Richmond",22.5,22,1.75124316601276,1.65,-0.0578121690794514,1.83,0.0449719579300631
"Michael","Sellwood","Narrm",14.6,12,1.34935907000497,1.41,0.0449405435091531,1.25,-0.073634269938694
"Brayden","Maynard","Waalitj Marawar",20.3,15,1.13887914200882,1.17,0.0273258652680979,1.19,0.0448869911701167
"Leonardo","Lombard","North Melbourne",13.7,11,1.28278972647625,1.34,0.0445983253084663,1.24,-0.0333567735951507
"Jaxon","Prior","Richmond",16,20,4.97948865262882,5.2,0.0442839341053159,4.4,-0.116375132680117
"Luke","Cleary","Narrm",14.1,17,3.17955772781465,3.32,0.0441703797219243,NA,NA
"Christian","Moraes","Carlton",18.1,19,2.15483555908887,2.25,0.0441632033171814,2.15,-0.0022440501635822
"Willem","Drew","Carlton",20.9,17,1.25518127257821,1.28,0.0197730224024234,1.31,0.0436739526149802
"Ben","Ainsworth","Yartapuulti",17.1,17,1.79176285090202,1.87,0.0436649018917823,1.83,0.0213405189636159
"Nick","Blakey","Geelong Cats",27.1,18,1.00647150283147,1.04,0.0333129125605701,1.05,0.0432486136428833
"Justin","McInerney","Geelong Cats",26.4,26,1.77349716780374,1.85,0.0431367095392636,NA,NA
"Jack","Crisp","Waalitj Marawar",25.2,19,1.1033509595306,1.14,0.0332161223523916,1.15,0.0422794216712722
"Jack","Carroll","Walyalup",16.5,13,1.19952415360999,1.25,0.0420798916287763,1.16,-0.0329498605684957
"Shai","Bolton","Euro-Yroke",25.3,18,1.0656225109748,1.08,0.0134921033265781,1.11,0.0416446617523164
"Darcy","Gardiner","GWS GIANTS",12.4,16,4.41664531110621,4.6,0.0415144699151467,3.9,-0.116976862463245
"Bradley","Hill","Walyalup",21.6,18,1.17153440326498,1.22,0.0413693329021716,1.22,0.0413693329021716
"Ben","McKay","Richmond",10.8,13,2.67993065959719,2.79,0.0410717120641296,NA,NA
"Ben","McKay","Richmond",10.8,12,2.22867248681529,2.32,0.0409784361430392,NA,NA
"Brodie","Kemp","Yartapuulti",11.6,10,1.42174718860128,1.48,0.0409726932226471,1.33,-0.0645312959553238
"Sam","Durham","Richmond",22.5,20,1.42180286468013,1.33,-0.0645679277772323,1.48,0.0409319299922527
"Toby","Greene","Brisbane Lions",20.9,13,1.03765751062535,1.08,0.0408058429116339,1.06,0.0215316606354925
"Oliver","Dempsey","Sydney Swans",19.6,15,1.15313776967168,1.2,0.0406388825002749,1.19,0.0319668918127726
"Luke","Jackson","Euro-Yroke",18,12,1.01882657859242,1.06,0.040412590594623,1.06,0.040412590594623
"Luke","Trainor","Essendon",16.2,17,2.12419078252612,2.21,0.0403961914248738,2.2,0.0356885163505533
"Patrick","Retschko","Essendon",18.1,13,1.12465049505087,1.17,0.0403231983168948,1.1,-0.0219183605567655
"Oscar","Adams","North Melbourne",12.1,10,1.44237842463689,1.5,0.0399489997762629,1.36,-0.0571129068695216
"Mason","Cox","Euro-Yroke",8.4,15,8.17350137275805,6.5,-0.204747181952616,8.5,0.0399459928311948
"Luke","Trainor","Essendon",16.2,18,2.57710164440019,2.68,0.039927938357961,2.55,-0.0105163273086566
"Brodie","Grundy","Geelong Cats",21.9,19,1.12509812580738,1.17,0.0399092960539716,1.13,0.00435684148802387
"Ed","Langdon","Western Bulldogs",21.1,18,1.28871472627032,1.34,0.0397956760206354,1.22,-0.0533203546677798
"Shannon","Neale","Sydney Swans",12.9,12,1.54849474310176,1.61,0.0397193837255417,1.59,0.0268036149836095
"Oliver","Dempsey","Sydney Swans",19.6,22,2.97203067713998,3.09,0.0396931713280789,2.75,-0.0747067245462081
"Sam","Grlj","Essendon",16.5,10,1.00039521138579,1.04,0.0395891425343265,NA,NA
"Jacob","Farrow","Richmond",18.3,17,1.56810451469851,1.56,-0.00516835110322034,1.63,0.0394715305780453
"Dan","Houston","Waalitj Marawar",23.6,23,1.44349606217518,1.49,0.0322161861354457,1.5,0.0391438115457508
"Jason","Horne-Francis","Carlton",24.8,15,1.02022338274944,1.06,0.0389881450701136,NA,NA
"Jordan","De Goey","Waalitj Marawar",23.2,14,1.00107915507629,1.04,0.0388788885737432,NA,NA
"Zach","Guthrie","Sydney Swans",18.8,14,1.15529338790965,1.2,0.0386971937675881,1.18,0.0213855738714616
"Jack","Ross","Essendon",26.1,17,1.03017908590027,1.05,0.0192402606216831,1.07,0.0386543608240009
"Ben","Ainsworth","Yartapuulti",17.1,14,1.25186569828003,1.3,0.0384500524186472,1.27,0.0144858204397553
"Oskar","Baker","Narrm",14.3,15,2.1187922665213,2.2,0.0383273692102114,2.2,0.0383273692102114
"Edward","Allan","Waalitj Marawar",15.8,19,3.32461570365315,3.45,0.0377139217050193,2.85,-0.142758064678462
"Jack","Carroll","Walyalup",16.5,12,1.12761288673266,1.17,0.037590128461689,1.09,-0.0333562051083409
"Isaac","Quaynor","Waalitj Marawar",18.8,13,1.09871228920951,1.14,0.0375782733987565,1.1,0.00117201819178273
"Luke","Trainor","Essendon",16.2,16,1.80248928661867,1.87,0.0374541551411785,1.83,0.0152626224108859
"Luke","Trainor","Essendon",16.2,15,1.57131545389762,1.62,0.0309833050910431,1.63,0.0373473995669137
"Shaun","Mannagh","Sydney Swans",18.1,11,1.02190550782058,1.06,0.037277900831228,NA,NA
"Max","Holmes","Sydney Swans",28.7,19,1.02216428420168,1.04,0.0174489718277003,1.06,0.0370152982090023
"Kyle","Langford","Richmond",16.7,10,1.02259395915566,1.06,0.0365795636766975,NA,NA
"Matt","Rowell","North Melbourne",25.4,30,4.24622162718062,4.25,0.000889819974349448,4.4,0.0362153430322677
"Bradley","Hill","Walyalup",21.6,16,1.06171356258528,1.1,0.0360609855274827,1.09,0.0266422492954146
"Noah","Anderson","North Melbourne",28.4,19,1.02312246108958,1.06,0.0360441103708652,1.06,0.0360441103708652
"Christian","Moraes","Carlton",18.1,16,1.40929372843368,1.46,0.0359799171338687,1.42,0.00759690570554344
"Oliver","Florent","Yartapuulti",22.1,21,1.61275338466739,1.67,0.0354961991565863,1.65,0.0230950470708787
"Shannon","Neale","Sydney Swans",12.9,11,1.35237769107314,1.4,0.0352137640551231,1.36,0.00563622793926255
"Marcus","Bontempelli","Narrm",27.7,20,1.05293863516921,1.08,0.0257007995783531,1.09,0.0351980292040786
"Jack","Carroll","Walyalup",16.5,14,1.30448256584306,1.35,0.0348930950468621,1.27,-0.0264339031781372
"Xavier","Duursma","Richmond",15.9,20,4.44561837819897,4.6,0.0347266923670518,3.4,-0.23520200998957
"Ewan","Mackinlay","Carlton",15.2,18,3.23771545297806,3.35,0.0346801776291539,2.9,-0.104306711903121
"Touk","Miller","North Melbourne",24,17,1.03448419178344,1.05,0.0149985938304341,1.07,0.0343319003795853
"Oliver","Florent","Yartapuulti",22.1,22,1.83752467168772,1.9,0.0339997221669393,1.83,-0.00409500443921101
"Tom","Sparrow","Western Bulldogs",22.8,15,1.07429345795052,1.11,0.0332372330718639,1.08,0.00531190244829995
"Steely","Green","Essendon",11.2,11,1.80055837616238,1.86,0.0330128834613569,1.8,-0.000310112779332017
"Lachie","Schultz","Waalitj Marawar",14.9,17,2.73006616138735,2.82,0.0329419996792104,2.6,-0.0476421279553378
"Max","Gawn","Western Bulldogs",19.4,13,1.00702848826908,1.03,0.0228111835946189,1.04,0.0327413892605861
"Sam","Durham","Richmond",22.5,24,2.3248950615155,2.13,-0.0838296165455539,2.4,0.0323046574134604
"Mac","Andrew","North Melbourne",18.9,17,1.39495557862531,1.33,-0.0465646215697579,1.44,0.0322909360447733
"Christian","Petracca","North Melbourne",25.6,17,1.03653757599122,1.07,0.0322828856221456,1.07,0.0322828856221456
"Ollie","Wines","Carlton",22.7,17,1.13341739250115,1.17,0.0322763773883154,1.15,0.0146306273474895
"Brodie","Grundy","Geelong Cats",21.9,17,1.02702559128433,1.06,0.0321067060017805,1.05,0.0223698502847825
"Ewan","Mackinlay","Carlton",15.2,13,1.3857219858842,1.43,0.0319530285056014,1.36,-0.0185621547079594
"Darcy","Byrne-Jones","Carlton",21.9,11,1.00782566778668,1.04,0.0319245016690012,NA,NA
"Bradley","Hill","Walyalup",21.6,17,1.10482202088006,1.14,0.0318404036624069,1.14,0.0318404036624069
"Ben","McKay","Richmond",10.8,11,1.90054489656115,1.96,0.0312831880722376,NA,NA
"Daniel","Rioli","North Melbourne",21.3,21,1.77517143069881,1.83,0.0308863517928545,1.83,0.0308863517928545
"Justin","McInerney","Geelong Cats",26.4,25,1.58122523186498,1.63,0.0308461863320352,NA,NA
"Jack","Martin","Sydney Swans",12.6,12,1.63944600212617,1.69,0.0308360249793349,1.59,-0.0301601895164836
"Ben","Ainsworth","Yartapuulti",17.1,18,2.14389379842591,2.21,0.0308346437788224,2.15,0.00284818286175026
"Lawson","Humphries","Sydney Swans",20,13,1.00897849606605,1.04,0.0307454559784002,1.04,0.0307454559784002
"Leonardo","Lombard","North Melbourne",13.7,13,1.62994831928288,1.68,0.0307075261988294,1.63,3.17069667213898e-05
"Dan","Houston","Waalitj Marawar",23.6,16,1.00005785361816,1.03,0.0299404142205489,NA,NA
"Jacob","Farrow","Richmond",18.3,18,1.77686756463488,1.82,0.0242744232736254,1.83,0.0299023047201838
"Leonardo","Lombard","North Melbourne",13.7,10,1.18458760701909,1.22,0.0298942794699834,1.13,-0.0460815280319007
"Michael","Sellwood","Narrm",14.6,11,1.24299895657617,1.28,0.0297675579115122,1.14,-0.0828632687350595
"Sam","Wicks","Geelong Cats",19.3,18,1.58293956733549,1.63,0.0297297721502591,1.59,0.0044603298889031
"Tim","Kelly","Collingwood",25.3,19,1.12664771272081,1.14,0.0118513419309584,1.16,0.0296031198595717
"Mason","Cox","Euro-Yroke",8.4,13,4.61372130651666,4.6,-0.0029740215338272,4.75,0.0295376951552871
"Isaac","Heeney","Geelong Cats",26.9,16,1.01030566715926,1.04,0.0293914344994601,NA,NA
"Luke","Cleary","Narrm",14.1,14,1.82694984255682,1.88,0.0290375554968342,NA,NA
"Jack","Crisp","Waalitj Marawar",25.2,18,1.06920686353938,1.1,0.0287999801635029,1.1,0.0287999801635029
"Brodie","Grundy","Geelong Cats",21.9,16,1.01093289334766,1.04,0.0287527558393004,NA,NA
"Ben","Ainsworth","Yartapuulti",17.1,13,1.16660616836337,1.2,0.0286247686170552,1.16,-0.00566272367018006
"Shaun","Mannagh","Sydney Swans",18.1,10,1.01106113969201,1.04,0.028622265431747,NA,NA
"Jack","Carroll","Walyalup",16.5,11,1.07921438418976,1.11,0.028525950229391,1.04,-0.036336046631922
"Darcy","Fort","GWS GIANTS",14.4,10,1.0405964638721,1.07,0.0282564251837746,1.07,0.0282564251837746
"Matthew","Jefferson","Western Bulldogs",9.9,15,8.2669831122831,6,-0.274221330985279,8.5,0.0281864477708542
"Patrick","Retschko","Essendon",18.1,19,2.1400022435107,2.2,0.028036305415679,2.15,0.00467184392895892
"Darcy","Wilson","Walyalup",20.4,15,1.09924106906737,1.13,0.0279819702867607,1.13,0.0279819702867607
"Archer","Day-Wicks","Richmond",13.1,17,4.52414727440832,4.65,0.0278179992732744,NA,NA
"Harvey","Langford","Western Bulldogs",17.2,13,1.2163953915773,1.25,0.0276263858408108,1.25,0.0276263858408108
"Mason","Redman","Richmond",19.3,14,1.07046465119619,1.1,0.0275911481717784,1.07,-0.000434064960179226
"Ned","Long","Waalitj Marawar",18.4,17,1.55710828876246,1.6,0.0275457471693418,1.59,0.0211235862495335
"Jason","Horne-Francis","Carlton",24.8,14,1.01212500162611,1.04,0.0275410629409471,NA,NA
"Tom","Atkins","Sydney Swans",20.7,14,1.0997128379247,1.13,0.0275409734530861,1.11,0.00935440755126173
"Lachie","Ash","Brisbane Lions",30.9,20,1.01228001318,1.03,0.0175050248837068,1.04,0.0273837144456846
"Mac","Andrew","North Melbourne",18.9,18,1.58698361943905,1.46,-0.0800157089736903,1.63,0.027105749570469
"Zach","Guthrie","Sydney Swans",18.8,23,4.52757026417441,4.65,0.0270409355751684,4,-0.116523926386952
"Caleb","Windsor","Western Bulldogs",17,13,1.13921813300533,1.17,0.0270201694503129,NA,NA
"Oliver","Dempsey","Sydney Swans",19.6,14,1.10051422794974,1.13,0.0267927222578435,1.11,0.00861939974000575
"Patrick","Retschko","Essendon",18.1,12,1.08109215964195,1.11,0.0267394783138774,1.06,-0.0195100477362973
"Finn","O'Sullivan","Gold Coast SUNS",20.9,15,1.11056123597768,1.14,0.0265080061041386,NA,NA
"Ewan","Mackinlay","Carlton",15.2,12,1.26643306936913,1.3,0.0265050964340262,1.24,-0.0208720618629289
"Bradley","Hill","Walyalup",21.6,20,1.4224125801044,1.46,0.0264251177340109,1.44,0.0123644996828601
"Lachie","Schultz","Waalitj Marawar",14.9,19,4.53149977732171,4.65,0.0261503317889005,3.7,-0.183493284383025
"Shai","Bolton","Euro-Yroke",25.3,17,1.04273346006169,1.05,0.00696874150166396,1.07,0.0261490984826481
"Nic","Newman","Yartapuulti",22.1,23,2.12467635164732,2.18,0.0260386238637157,2.15,0.0119188262876093
"Koltyn","Tholstrup","Western Bulldogs",17.6,10,1.03326707305671,1.06,0.0258722334625525,NA,NA
"Jordan","De Goey","Waalitj Marawar",23.2,25,2.98343811135963,3.06,0.0256623016072811,2.75,-0.0782446635882278
"Ollie","Wines","Carlton",22.7,16,1.09209125764985,1.12,0.0255553207249439,1.1,0.00724183285485565
"Marcus","Bontempelli","Narrm",27.7,19,1.03380474576073,1.05,0.0156656799126586,1.06,0.0253386863880173
"Edward","Allan","Waalitj Marawar",15.8,18,2.70335132503164,2.77,0.0246540929960625,2.5,-0.0752219377291855
"Finn","O'Sullivan","Gold Coast SUNS",20.9,14,1.07393568035992,1.1,0.0242699075156402,NA,NA
"Ed","Langdon","Western Bulldogs",21.1,23,2.58742269677771,2.65,0.024185187561436,2.15,-0.169057300657703
"Caleb","Windsor","Western Bulldogs",17,12,1.08397930735482,1.11,0.0240047872395981,NA,NA
"Jake","Lever","Western Bulldogs",17.1,20,3.51613743013012,3.45,-0.0188096829103943,3.6,0.023850765658719
"Jack","Crisp","Waalitj Marawar",25.2,17,1.04521842517963,1.05,0.00457471348110456,1.07,0.0237094699283637
"Oliver","Florent","Yartapuulti",22.1,20,1.44605007373855,1.48,0.0234776975417415,1.48,0.0234776975417415
"Luke","Trainor","Essendon",16.2,19,3.22473754722582,3.3,0.0233390940105881,3,-0.0696917327176472
"Zach","Guthrie","Sydney Swans",18.8,13,1.10425281253386,1.13,0.0233163883975619,1.1,-0.00385130332980679
"Jack","Carroll","Walyalup",16.5,15,1.45620559269279,1.49,0.023207167639506,1.4,-0.0385972921507998
"Mason","Cox","Euro-Yroke",8.4,12,3.61625433251642,3.45,-0.0459741813570745,3.7,0.0231581243416882
"Mason","Redman","Richmond",19.3,16,1.19242294796231,1.22,0.0231269048325664,1.21,0.0147406187273814
"Shannon","Neale","Sydney Swans",12.9,10,1.2219078753536,1.25,0.0229903785817468,1.22,-0.00156139050421514
"Willem","Drew","Carlton",20.9,16,1.18301088959826,1.17,-0.010998114820968,1.21,0.0228139154415631
"Max","Gawn","Western Bulldogs",19.4,19,1.61322891242072,1.6,-0.00820026985560846,1.65,0.0227934717114037
"Mac","Andrew","North Melbourne",18.9,16,1.2619140311745,1.22,-0.033214648652007,1.29,0.0222566419991073
"Ryley","Sanders","Narrm",25.5,22,1.24250553971573,1.22,-0.0181130296778218,1.27,0.0221282395976774
"Oliver","Florent","Yartapuulti",22.1,23,2.14265044244705,2.19,0.0220985918257715,2.15,0.00343012439516377
"Nathan","Broad","Essendon",14.3,12,1.39918237537502,1.43,0.0220254522693816,1.36,-0.0280037656738747
"Esava","Ratugolea","Carlton",11.7,13,2.31913683763654,2.37,0.0219319367180152,2.25,-0.0298114524828971
"Matt","Rowell","North Melbourne",25.4,18,1.0862097745895,1.06,-0.024129569814826,1.11,0.0219020542505124
"Caleb","Windsor","Western Bulldogs",17,14,1.22327519864258,1.25,0.0218469248678244,NA,NA
"Luke","Jackson","Euro-Yroke",18,11,1.00809357258041,1.03,0.0217305496388789,NA,NA
"Lawson","Humphries","Sydney Swans",20,20,1.79113643923465,1.81,0.0105316157675883,1.83,0.0216977109694402
"Nate","Caddy","Richmond",11.9,11,1.55628781384502,1.5,-0.0361679975543577,1.59,0.0216619225923809
"Ryley","Sanders","Narrm",25.5,21,1.16497832110257,1.17,0.00431053420177141,1.19,0.0214782356411179
"Jack","Ross","Essendon",26.1,16,1.01869585233289,1.03,0.011096685670431,1.04,0.020913158346843
"Touk","Miller","North Melbourne",24,16,1.01923137479725,1.03,0.0105654373177921,1.04,0.0203767522432076
"Mason","Redman","Richmond",19.3,17,1.30354999521353,1.33,0.0202907482517706,1.31,0.00494803023294701
"Ben","Ainsworth","Yartapuulti",17.1,12,1.10756117573802,1.13,0.020259670304014,1.09,-0.0158557162554199
"Harry","McKay","Yartapuulti",13.7,12,1.37265047632552,1.4,0.0199246087377572,NA,NA
"Harry","McKay","Yartapuulti",13.7,10,1.1373553733794,1.16,0.0199098954914304,NA,NA
"Xavier","Duursma","Richmond",15.9,18,2.71628949474613,2.77,0.0197734834073294,2.5,-0.0796268200294861
"Daniel","Rioli","North Melbourne",21.3,19,1.41210458881486,1.42,0.00559123683024343,1.44,0.0197544936870074
"Christian","Moraes","Carlton",18.1,20,2.6284333790506,2.68,0.0196187665856005,2.5,-0.0488630908716413
"Shannon","Neale","Sydney Swans",12.9,13,1.84385669593159,1.88,0.0196020136207753,1.83,-0.00751506120956436
"Latrelle","Pickett","Western Bulldogs",10,12,2.74626273253508,2.8,0.0195674167763692,2.25,-0.180704754376132
"Christian","Moraes","Carlton",18.1,15,1.28495584530556,1.31,0.019490284266137,1.29,0.00392554710176846
"Matt","Rowell","North Melbourne",25.4,17,1.05962834662716,1.04,-0.0185238028877174,1.08,0.0192252816166012
"Mason","Redman","Richmond",19.3,15,1.11853558212108,1.14,0.0191897497245627,1.13,0.0102494887620665
"Jacob","Farrow","Richmond",18.3,24,6.3786944080249,6.5,0.0190173073383935,4.75,-0.255333506175789
"Brodie","Kemp","Yartapuulti",11.6,11,1.63888948751187,1.67,0.0189826786523346,1.56,-0.0481359408996155
"Changkuoth","Jiath","Western Bulldogs",14.8,16,2.24744229331507,2.29,0.018936062034393,1.83,-0.185741050863345
"Tim","Kelly","Collingwood",25.3,18,1.08940081275172,1.1,0.00972937336214273,1.11,0.0189087313017986
"Touk","Miller","North Melbourne",24,24,1.81607445266205,1.85,0.0186807029239471,1.83,0.00766793856801257
"Luke","Trainor","Essendon",16.2,14,1.40398991839633,1.43,0.0185258321750516,1.4,-0.00284184262582365
"Ben","McKay","Richmond",10.8,10,1.65933185784371,1.69,0.0184822234391019,NA,NA
"Zac","Bailey","GWS GIANTS",19.8,17,1.28645783108204,1.28,-0.00501985446083991,1.31,0.0182999927002342
"Blake","Howes","Western Bulldogs",17.7,26,12.7681408461926,13,0.0181591945609293,9.5,-0.25596058859009
"Ryley","Sanders","Narrm",25.5,20,1.10989311714674,1.13,0.0181160532871376,1.13,0.0181160532871376
"Mark","Blicavs","Sydney Swans",15,17,2.71152288312595,2.76,0.0178781883699844,2.55,-0.0595690650929491
"Oisin","Mullin","Sydney Swans",16.6,14,1.37551378650567,1.4,0.0178015035069428,1.4,0.0178015035069428
"Justin","McInerney","Geelong Cats",26.4,24,1.43472332598168,1.46,0.0176178037678641,NA,NA
"Mac","Andrew","North Melbourne",18.9,15,1.17015381477771,1.14,-0.0257691035117797,1.19,0.0169603217727914
"Ned","Long","Waalitj Marawar",18.4,25,8.35839831080497,8.5,0.0169412468668763,5.75,-0.312069156531231
"Toby","Greene","Brisbane Lions",20.9,12,1.02274474002718,1.04,0.0168715216001648,NA,NA
"Ed","Langdon","Western Bulldogs",21.1,17,1.19976681160866,1.22,0.0168642674522859,1.15,-0.0414804036310421
"Darcy","Wilson","Walyalup",20.4,14,1.06217922002873,1.08,0.0167775641202882,1.07,0.00736295704510033
"Christian","Petracca","North Melbourne",25.6,16,1.02288296450278,1.04,0.0167341094643569,1.04,0.0167341094643569
"Esava","Ratugolea","Carlton",11.7,14,2.87218268824215,2.92,0.0166484228017947,2.6,-0.0947651029847033
"Harry","McKay","Yartapuulti",13.7,11,1.22971086354809,1.25,0.0164991113385562,NA,NA
"Oliver","Florent","Yartapuulti",22.1,18,1.229856959363,1.25,0.0163783604944024,1.22,-0.0080147201574633
"Luke","Parker","Gold Coast SUNS",24.5,24,1.4562849172633,1.45,-0.00431571953317217,1.48,0.0162846448902795
"Noah","Anderson","North Melbourne",28.4,18,1.01389607598539,1.03,0.0158832097253751,NA,NA
"Oscar","Adams","North Melbourne",12.1,16,3.93865924024641,4,0.0155740205008823,3.9,-0.00981533001163981
"Zac","Bailey","GWS GIANTS",19.8,16,1.19155688726399,1.17,-0.0180913622290305,1.21,0.0154781638486095
"Nic","Newman","Yartapuulti",22.1,27,4.72756795680885,4.8,0.0153212061366195,3.9,-0.175051520013997
"Isaac","Quaynor","Waalitj Marawar",18.8,12,1.06384888785807,1.08,0.015181772830957,1.06,-0.00361788962887555
"Oliver","Dempsey","Sydney Swans",19.6,13,1.0642150081867,1.08,0.0148325213343844,1.06,-0.00396067350514127
"Darcy","Cameron","Waalitj Marawar",16.3,12,1.0643025137706,1.08,0.0147490831096407,1.06,-0.00404256657757485
"Bradley","Hill","Walyalup",21.6,15,1.03478787383418,1.05,0.0147007193942566,1.05,0.0147007193942566
"Brayden","Maynard","Waalitj Marawar",20.3,14,1.09405038876127,1.11,0.0145784978485192,1.11,0.0145784978485192
"James","Leake","Brisbane Lions",12.4,10,1.09406479709196,1.11,0.0145651363158696,1.06,-0.031135995950611
"Ryley","Sanders","Narrm",25.5,18,1.04507902615042,1.04,-0.00485994458153505,1.06,0.0142773641765124
"Jordon","Sweet","Carlton",12,10,1.26213519698204,1.28,0.0141544289872287,1.21,-0.0413071413480104
"Oliver","Florent","Yartapuulti",22.1,19,1.32203345877009,1.34,0.0135900805767959,1.33,0.0060259754978646
"Nic","Newman","Yartapuulti",22.1,21,1.62826519589794,1.61,-0.0112175804923915,1.65,0.013348442352518
"Zac","Bailey","GWS GIANTS",19.8,18,1.42106126412087,1.42,-0.000746810955773225,1.44,0.0133271776223145
"Luke","Cleary","Narrm",14.1,13,1.59897457146419,1.62,0.0131493201399439,NA,NA
"Sam","Durham","Richmond",22.5,19,1.31299029767554,1.25,-0.0479746863225552,1.33,0.0129549337528013
"Changkuoth","Jiath","Western Bulldogs",14.8,17,2.70514841342927,2.74,0.0128834286495038,2.15,-0.205219207446557
"Caleb","Windsor","Western Bulldogs",17,10,1.02697396592221,1.04,0.0126838990179167,NA,NA
"Ed","Langdon","Western Bulldogs",21.1,16,1.13571651286151,1.15,0.0125766306791636,1.09,-0.0402534543997492
"Edward","Allan","Waalitj Marawar",15.8,20,4.19862034234284,4.25,0.0122372716434954,3.6,-0.142575487549039
"Jack","Carroll","Walyalup",16.5,10,1.04747276996623,1.06,0.0119594803731031,NA,NA
"Sam","Wicks","Geelong Cats",19.3,17,1.43289372570855,1.45,0.0119382714743821,1.42,-0.00899838241819134
"Patrick","Cripps","Yartapuulti",26,25,1.65071568926963,1.66,0.00562441539189379,1.67,0.0116823937978691
"Jake","Lever","Western Bulldogs",17.1,11,1.05765680761592,1.05,-0.00723940654547518,1.07,0.0116703190441348
"Ben","McKay","Richmond",10.8,15,4.20144926004326,4.25,0.0115557125533975,NA,NA
"Zac","Bailey","GWS GIANTS",19.8,19,1.61145957885063,1.61,-0.000905749588626992,1.63,0.0115053591121352
"Bradley","Hill","Walyalup",21.6,14,1.01867468674879,1.03,0.011117693802091,NA,NA
"Tom","Atkins","Sydney Swans",20.7,13,1.06820532362193,1.08,0.0110415817233368,1.07,0.00168008559626891
"Lachie","Schultz","Waalitj Marawar",14.9,16,2.22598586639505,2.21,-0.00718147704187089,2.25,0.0107880889845205
"Caleb","Windsor","Western Bulldogs",17,11,1.04868903376432,1.06,0.0107858153098846,NA,NA
"Nic","Newman","Yartapuulti",22.1,22,1.84124863478747,1.86,0.0101840483996863,1.83,-0.00610924270353447
"Daniel","Rioli","North Melbourne",21.3,18,1.29691965773476,1.3,0.00237512188736666,1.31,0.0100856997480387
"Archie","Roberts","Richmond",32.3,27,1.16825696578334,1.13,-0.0327470470143452,1.18,0.0100517562151086
"Ned","Long","Waalitj Marawar",18.4,16,1.40597841720037,1.41,0.00286034461868856,1.42,0.00997282933229632
"Joe","Berry","Carlton",14.8,17,2.71338156457791,2.74,0.00981005980492411,2.2,-0.189203601616484
"Mason","Redman","Richmond",19.3,13,1.04016436449854,1.05,0.00945584739984596,NA,NA
"Archie","Roberts","Richmond",32.3,26,1.11943887629697,1.1,-0.0173648393928105,1.13,0.00943430135102173
"Matt","Rowell","North Melbourne",25.4,16,1.04040404619667,NA,NA,1.05,0.00922329535184569
"Patrick","Cripps","Yartapuulti",26,22,1.26837006473098,1.28,0.00916919721807805,1.27,0.00128506286481178
"Xavier","Duursma","Richmond",15.9,19,3.41916567447909,3.45,0.00901808466055243,2.9,-0.151839870865043
"Ed","Langdon","Western Bulldogs",21.1,15,1.09019445905008,1.1,0.00899430451926826,1.06,-0.0276963974632506
"Marcus","Bontempelli","Narrm",27.7,18,1.02096296143509,1.03,0.00885148522156671,NA,NA
"Nick","Daicos","Waalitj Marawar",30.4,22,1.05079210940369,1.04,-0.0102704515071163,1.06,0.00876280904082374
"Blake","Howes","Western Bulldogs",17.7,15,1.38798073135715,1.39,0.00145482469405611,1.4,0.00865953566307809
"Nate","Caddy","Richmond",11.9,14,2.89494721959973,2.92,0.00865396793097106,2.7,-0.067340509104924
"Tom","Sparrow","Western Bulldogs",22.8,14,1.05096668716981,1.06,0.00859524182875589,1.05,-0.000919807622458801
"Jack","Macrae","Walyalup",20.9,15,1.05099475084415,1.03,-0.0199760758341439,1.06,0.00856831030660922
"Patrick","Retschko","Essendon",18.1,10,1.03140834573137,1.04,0.00833002205594637,NA,NA
"Patrick","Retschko","Essendon",18.1,11,1.05127824263255,1.06,0.00829633584503024,NA,NA
"Caleb","Windsor","Western Bulldogs",17,15,1.34886682884866,1.36,0.00825372150402709,NA,NA
"Patrick","Cripps","Yartapuulti",26,24,1.48773073926425,1.49,0.00152531683042967,1.5,0.00824696325211038
"Darcy","Cameron","Waalitj Marawar",16.3,11,1.03152112001045,1.04,0.00821978321633133,NA,NA
"Nate","Caddy","Richmond",11.9,15,3.88810508465487,3.92,0.0082032030129553,3.25,-0.164117242399973
"Sam","Durham","Richmond",22.5,18,1.22999870787872,1.17,-0.0487794885428752,1.24,0.00813114034772208
"Ryley","Sanders","Narrm",25.5,19,1.0713956939666,1.07,-0.00130268767595124,1.08,0.00803093206539503
"Jamie","Elliott","Waalitj Marawar",14.8,18,4.21783722314231,4.25,0.00762541917957849,3.7,-0.122773164478955
"Christian","Moraes","Carlton",18.1,13,1.13141055388491,1.14,0.00759180306883028,1.1,-0.0277622952844618
"Lachie","Schultz","Waalitj Marawar",14.9,14,1.61772429786979,1.54,-0.0480454537105837,1.63,0.00758825354009646
"Tim","Kelly","Collingwood",25.3,17,1.0619580212021,1.05,-0.0112603520698149,1.07,0.00757278408123627
"Oisin","Mullin","Sydney Swans",16.6,13,1.27047917586303,1.28,0.00749388444757318,1.25,-0.0161192534691668
"Archer","May","Richmond",8.6,13,6.45373293168159,6.5,0.00716903981125172,4.75,-0.263991855522547
"Oliver","Florent","Yartapuulti",22.1,17,1.16169429397923,1.17,0.00714964863287679,1.15,-0.010066584677087
"Daniel","Rioli","North Melbourne",21.3,17,1.21134417198639,1.2,-0.00936494536296065,1.22,0.00714563888099004
"Ryley","Sanders","Narrm",25.5,23,1.35044550696214,1.33,-0.0151398237520357,1.36,0.00707506744152747
"Brodie","Grundy","Geelong Cats",21.9,20,1.2414914525064,1.25,0.00685348858135043,1.19,-0.0414754788705544
"Jack","Macrae","Walyalup",20.9,18,1.23178928216856,1.14,-0.0745170326591611,1.24,0.00666568377424595
"Ewan","Mackinlay","Carlton",15.2,19,4.22195719411634,4.25,0.00664213410849746,3.4,-0.194686292713202
"Sam","Cumming","Essendon",16.3,25,15.8944523962313,13,-0.182104568567435,16,0.00664053099392681
"Darcy","Cameron","Waalitj Marawar",16.3,13,1.12279736524248,1.13,0.00641490172713362,1.1,-0.020304077964737
"Archie","Roberts","Richmond",32.3,25,1.0833161502475,1.06,-0.0215229416105062,1.09,0.00616980532504557
"Esava","Ratugolea","Carlton",11.7,15,3.67843704215305,3.7,0.00586198910022118,3.25,-0.116472577141698
"Mattaes","Phillipou","Walyalup",16.2,17,2.14750803804511,2.16,0.00581695701882534,2.15,0.00116039703262694
"Oliver","Hayes-Brown","Essendon",11.2,13,2.94364016132712,2.96,0.00555768972302007,NA,NA
"Ben","Ainsworth","Yartapuulti",17.1,19,2.65585671503715,2.67,0.00532531927749447,2.5,-0.0586841579798741
"Archie","Roberts","Richmond",32.3,28,1.23348017732413,1.17,-0.051464286569925,1.24,0.00528571337888298
"Marc","Pittonet","Yartapuulti",12.6,13,1.92028602019533,1.93,0.00505861090613902,1.83,-0.0470169647884795
"Harry","McKay","Yartapuulti",13.7,13,1.5920087799603,1.6,0.0050195828944507,NA,NA
"Jacob","Farrow","Richmond",18.3,16,1.41304000064227,1.37,-0.0304591523401344,1.42,0.00492555012920365
"Jack","Macrae","Walyalup",20.9,17,1.14487484355593,1.1,-0.0391962875317872,1.15,0.00447660848949508
"Lachie","Neale","GWS GIANTS",29.8,26,1.28455109030179,1.28,-0.00354294222794718,1.29,0.00424187853589697
"Nick","Daicos","Waalitj Marawar",30.4,23,1.07545465185125,1.07,-0.00507194965576757,1.08,0.00422644333810376
"Zac","Bailey","GWS GIANTS",19.8,15,1.12528269244906,1.13,0.00419210886525895,1.13,0.00419210886525895
"Joe","Berry","Carlton",14.8,16,2.2511208677205,2.26,0.00394431609906931,1.83,-0.187071637848984
"Christian","Moraes","Carlton",18.1,14,1.19539187881832,1.2,0.00385490420617293,1.18,-0.0128760108639299
"Mac","Andrew","North Melbourne",18.9,13,1.06597697119902,1.05,-0.0149881016482434,1.07,0.00377402974893296
"Ben","McKay","Richmond",10.8,14,3.30921809490472,3.32,0.00325814279568992,NA,NA
"Michael","Sellwood","Narrm",14.6,10,1.16624778955417,1.17,0.0032173355263255,1.07,-0.0825277358861809
"Archie","Roberts","Richmond",32.3,24,1.05698295866756,1.04,-0.0160673911800555,1.06,0.00285438975878957
"Shai","Bolton","Euro-Yroke",25.3,16,1.02707617875335,1.03,0.0028467423421337,NA,NA
"Wil","Powell","North Melbourne",16.6,14,1.26712022847124,1.22,-0.0371868646814098,1.27,0.00227269004476197
"Darcy","Wilson","Walyalup",20.4,13,1.03767178952038,1.04,0.00224368678336887,NA,NA
"Isaac","Quaynor","Waalitj Marawar",18.8,23,4.63994697893452,4.65,0.0021666241254733,4,-0.13792118354798
"Jack","Macrae","Walyalup",20.9,16,1.08765103195507,1.05,-0.034616830995317,1.09,0.00215967068105187
"Mac","Andrew","North Melbourne",18.9,14,1.10766030253997,1.1,-0.00691575072466501,1.11,0.00211228790511078
"Archie","Roberts","Richmond",32.3,23,1.038132202647,NA,NA,1.04,0.00179919026520785
"Finn","O'Sullivan","Gold Coast SUNS",20.9,13,1.04823360884372,1.05,0.0016851121175417,NA,NA
"Mark","Blicavs","Sydney Swans",15,18,3.44429992303917,3.45,0.00165493049043242,2.9,-0.158029188863115
"Zach","Guthrie","Sydney Swans",18.8,12,1.06832263918427,1.07,0.00157008824320114,1.06,-0.00779037987122131
"Sam","Collins","North Melbourne",14.4,10,1.10831141390887,1.11,0.00152356645427854,1.07,-0.0345673728774072
"Mark","Blicavs","Sydney Swans",15,16,2.20671995412751,2.21,0.00148638972804516,2.15,-0.0257032860111779
"Ed","Langdon","Western Bulldogs",21.1,14,1.05843089514006,1.06,0.00148248210360015,NA,NA
"Lachie","Neale","GWS GIANTS",29.8,25,1.20836232286711,1.2,-0.00692037703332912,1.21,0.00135528649139313
"Jack","Crisp","Waalitj Marawar",25.2,16,1.02875522922855,1.03,0.00120997758853196,NA,NA
"Nate","Caddy","Richmond",11.9,13,2.25732393067635,2.26,0.00118550522912608,2.25,-0.00324451913029478
"Patrick","Cripps","Yartapuulti",26,27,2.1483378393094,2.12,-0.0131905879936044,2.15,0.000773696138561486
"Jack","Henry","Sydney Swans",11.2,11,1.59888083321908,1.6,0.000699968851755661,1.56,-0.0243175303695382
"Willem","Drew","Carlton",20.9,15,1.12926903597443,1.13,0.000647289531800613,1.13,0.000647289531800613
"Nick","Daicos","Waalitj Marawar",30.4,24,1.10972281614469,1.11,0.000249777558213052,1.11,0.000249777558213052
"Nick","Daicos","Waalitj Marawar",30.4,26,1.2197364351114,1.22,0.000216083475916118,1.22,0.000216083475916118
"Changkuoth","Jiath","Western Bulldogs",14.8,19,4.2490881591535,4.25,0.000214596829329561,2.9,-0.317500628045869
"Oliver","Dempsey","Sydney Swans",19.6,12,1.03978058480771,1.04,0.000211020666763061,NA,NA
"Ryley","Sanders","Narrm",25.5,24,1.49996613625778,1.44,-0.0399783267156844,1.5,2.25763378288169e-05
